,,,,,,,,Standard,Standard,Standard,Standard,Standard,Standard,Standard,Standard,Standard,Standard,Standard,Expected,Expected,Expected,Expected,Expected,
Rk,Player,Nation,Pos,Squad,Age,Born,90s,Gls,Sh,SoT,SoT%,Sh/90,SoT/90,G/Sh,G/SoT,FK,PK,PKatt,xG,npxG,npxG/Sh,G-xG,np:G-xG,Matches
1,Patrick van Aanholt\Patrick-van-Aanholt,nl NED,DF,Crystal Palace,27,1990,35.5,3,44,12,27.3,1.24,0.34,0.07,0.25,0,0,0,2.7,2.7,0.06,0.3,0.3,Matches
2,Sergio Agüero\Sergio-Aguero,ar ARG,FW,Manchester City,30,1988,27.3,21,118,41,34.7,4.32,1.5,0.16,0.46,3,2,2,20.7,19.2,0.16,0.3,-0.2,Matches
3,Nathan Aké\Nathan-Ake,nl NED,DF,Bournemouth,23,1995,37.9,4,22,8,36.4,0.58,0.21,0.18,0.5,0,0,0,3.4,3.4,0.15,0.6,0.6,Matches
4,Marc Albrighton\Marc-Albrighton,eng ENG,FWMF,Leicester City,28,1989,18.1,2,19,7,36.8,1.05,0.39,0.11,0.29,0,0,0,1.1,1.1,0.06,0.9,0.9,Matches
5,Toby Alderweireld\Toby-Alderweireld,be BEL,DF,Tottenham,29,1989,32.5,0,17,6,35.3,0.52,0.18,0,0,0,0,0,1.1,1.1,0.07,-1.1,-1.1,Matches
6,Trent Alexander-Arnold\Trent-Alexander-Arnold,eng ENG,DF,Liverpool,19,1998,27.4,1,29,9,31,1.06,0.33,0.03,0.11,9,0,0,1.5,1.5,0.05,-0.5,-0.5,Matches
7,Alisson\Alisson,br BRA,GK,Liverpool,25,1992,38,0,0,0,,0,0,,,0,0,0,0,0,,0,0,Matches
8,Dele Alli\Dele-Alli,eng ENG,MFFW,Tottenham,22,1996,20.3,5,40,18,45,1.97,0.89,0.13,0.28,1,0,0,5.3,5.3,0.13,-0.3,-0.3,Matches
9,Miguel Almirón\Miguel-Almiron,py PAR,FWMF,Newcastle Utd,24,1994,8.4,0,19,8,42.1,2.25,0.95,0,0,0,0,0,1.7,1.6,0.09,-1.7,-1.6,Matches
10,Marcos Alonso\Marcos-Alonso,es ESP,DF,Chelsea,27,1990,30.7,2,43,7,16.3,1.4,0.23,0.05,0.29,8,0,0,2.7,2.7,0.06,-0.7,-0.7,Matches
11,Daniel Amartey\Daniel-Amartey,gh GHA,DF,Leicester City,23,1994,7.1,0,4,1,25,0.56,0.14,0,0,0,0,0,0.4,0.4,0.09,-0.4,-0.4,Matches
12,Luke Amos\Luke-Amos,eng ENG,MF,Tottenham,21,1997,0,0,0,0,,0,0,,,0,0,0,0,0,,0,0,Matches
13,Felipe Anderson\Felipe-Anderson,br BRA,FWMF,West Ham,25,1993,33.8,9,58,24,41.4,1.72,0.71,0.16,0.38,5,0,0,5.2,5.2,0.09,3.8,3.8,Matches
14,Florin Andone\Florin-Andone,ro ROU,FW,Brighton,25,1993,9.8,3,19,7,36.8,1.94,0.72,0.16,0.43,0,0,0,2.2,2.2,0.12,0.8,0.8,Matches
15,Michail Antonio\Michail-Antonio,eng ENG,FWMF,West Ham,28,1990,23.4,6,65,25,38.5,2.78,1.07,0.09,0.24,0,0,0,7.4,7.4,0.11,-1.4,-1.4,Matches
16,Stuart Armstrong\Stuart-Armstrong,sco SCO,MFFW,Southampton,26,1992,15.9,3,32,12,37.5,2.01,0.75,0.09,0.25,0,0,0,2.3,2.3,0.07,0.7,0.7,Matches
17,Marko Arnautovi?\Marko-Arnautovic,at AUT,FW,West Ham,29,1989,22.1,10,62,30,48.4,2.8,1.36,0.15,0.3,3,1,1,9.5,8.7,0.14,0.5,0.3,Matches
18,Kepa Arrizabalaga\Kepa-Arrizabalaga,es ESP,GK,Chelsea,23,1994,36,0,0,0,,0,0,,,0,0,0,0,0,,0,0,Matches
19,Harry Arter\Harry-Arter,ie IRL,MF,Cardiff City,28,1989,22.2,0,23,4,17.4,1.04,0.18,0,0,0,0,0,1.2,1.2,0.05,-1.2,-1.2,Matches
20,Christian Atsu\Christian-Atsu,gh GHA,MFFW,Newcastle Utd,26,1992,16.6,1,28,14,50,1.69,0.84,0.04,0.07,0,0,0,2,2,0.07,-1,-1,Matches
21,Pierre-Emerick Aubameyang\Pierre-Emerick-Aubameyang,ga GAB,FW,Arsenal,29,1989,30.3,22,89,34,38.2,2.94,1.12,0.2,0.53,0,4,5,20.8,16.8,0.19,1.2,1.2,Matches
22,Serge Aurier\Serge-Aurier,ci CIV,DFMF,Tottenham,25,1992,6.3,0,4,1,25,0.64,0.16,0,0,0,0,0,0.1,0.1,0.03,-0.1,-0.1,Matches
23,Charlie Austin\Charlie-Austin,eng ENG,FW,Southampton,29,1989,10.9,2,33,8,24.2,3.02,0.73,0.06,0.25,0,0,1,3.6,2.9,0.09,-1.6,-0.9,Matches
24,Jordan Ayew\Jordan-Ayew,gh GHA,FW,Crystal Palace,26,1991,13.1,1,26,3,11.5,1.98,0.23,0.04,0.33,0,0,0,2.3,2.3,0.09,-1.3,-1.3,Matches
25,Floyd Ayité\Floyd-Ayite,tg TOG,FWMF,Fulham,29,1988,5.3,1,7,1,14.3,1.32,0.19,0.14,1,0,0,0,0.4,0.4,0.05,0.6,0.6,Matches
26,César Azpilicueta\Cesar-Azpilicueta,es ESP,DF,Chelsea,28,1989,37.8,1,17,7,41.2,0.45,0.19,0.06,0.14,0,0,0,0.9,0.9,0.05,0.1,0.1,Matches
27,Ryan Babel\Ryan-Babel,nl NED,FW,Fulham,31,1986,13.9,5,25,9,36,1.8,0.65,0.2,0.56,0,0,0,4.7,4.7,0.19,0.3,0.3,Matches
28,Juninho Bacuna\Juninho-Bacuna,cw CUW,MFDF,Huddersfield,20,1997,15.7,1,17,8,47.1,1.08,0.51,0.06,0.13,2,0,0,0.5,0.5,0.03,0.5,0.5,Matches
29,Leandro Bacuna\Leandro-Bacuna,cw CUW,MFDF,Cardiff City,26,1991,6.2,0,5,1,20,0.8,0.16,0,0,0,0,0,0.1,0.1,0.02,-0.1,-0.1,Matches
30,Eric Bailly\Eric-Bailly,ci CIV,DF,Manchester Utd,24,1994,7.1,0,3,1,33.3,0.42,0.14,0,0,0,0,0,0.2,0.2,0.07,-0.2,-0.2,Matches
31,Leighton Baines\Leighton-Baines,eng ENG,DF,Everton,33,1984,4.2,0,2,1,50,0.48,0.24,0,0,1,0,0,0.1,0.1,0.03,-0.1,-0.1,Matches
32,Fabián Balbuena\Fabian-Balbuena,py PAR,DF,West Ham,26,1991,22.4,1,17,2,11.8,0.76,0.09,0.06,0.5,0,0,0,2.1,2.1,0.13,-1.1,-1.1,Matches
33,Leon Balogun\Leon-Balogun,ng NGA,DF,Brighton,30,1988,6.6,1,3,1,33.3,0.45,0.15,0.33,1,0,0,0,0.2,0.2,0.07,0.8,0.8,Matches
34,Sol Bamba\Sol-Bamba,ci CIV,DF,Cardiff City,33,1985,27.5,4,21,8,38.1,0.76,0.29,0.19,0.5,0,0,0,2.6,2.6,0.13,1.4,1.4,Matches
35,Phil Bardsley\Phil-Bardsley,sco SCO,DF,Burnley,33,1985,18.6,0,12,1,8.3,0.65,0.05,0,0,0,0,0,0.2,0.2,0.02,-0.2,-0.2,Matches
36,Ross Barkley\Ross-Barkley,eng ENG,MF,Chelsea,24,1993,13.8,3,38,8,21.1,2.75,0.58,0.08,0.38,1,0,0,3.8,3.8,0.1,-0.8,-0.8,Matches
37,Ashley Barnes\Ashley-Barnes,at AUT,FW,Burnley,28,1989,26.5,12,61,27,44.3,2.3,1.02,0.16,0.37,0,2,2,12,10.4,0.17,0,-0.4,Matches
38,Harvey Barnes\Harvey-Barnes,eng ENG,FWMF,Leicester City,20,1997,11.2,1,39,11,28.2,3.5,0.99,0.03,0.09,0,0,0,3.2,3.2,0.08,-2.2,-2.2,Matches
39,Antonio Barreca\Antonio-Barreca,it ITA,DF,Newcastle Utd,23,1995,0.1,0,0,0,,0,0,,,0,0,0,0,0,,0,0,Matches
40,Michy Batshuayi\Michy-Batshuayi,be BEL,FW,Crystal Palace,24,1993,8.3,5,26,10,38.5,3.12,1.2,0.19,0.5,0,0,0,3.5,3.5,0.14,1.5,1.5,Matches
41,Jan Bednarek\Jan-Bednarek,pl POL,DF,Southampton,22,1996,23.9,0,6,1,16.7,0.25,0.04,0,0,0,0,0,0.6,0.6,0.11,-0.6,-0.6,Matches
42,Asmir Begovi?\Asmir-Begovic,ba BIH,GK,Bournemouth,31,1987,24,0,0,0,,0,0,,,0,0,0,0,0,,0,0,Matches
43,Héctor Bellerín\Hector-Bellerin,es ESP,DF,Arsenal,23,1995,17,0,18,4,22.2,1.06,0.23,0,0,0,0,0,0.9,0.9,0.05,-0.9,-0.9,Matches
44,Joe Bennett\Joe-Bennett,eng ENG,DF,Cardiff City,28,1990,29.3,0,10,3,30,0.34,0.1,0,0,3,0,0,0.5,0.5,0.05,-0.5,-0.5,Matches
45,Ryan Bennett\Ryan-Bennett,eng ENG,DF,Wolves,28,1990,34,1,15,3,20,0.44,0.09,0.07,0.33,0,0,0,1.2,1.2,0.08,-0.2,-0.2,Matches
46,Christian Benteke\Christian-Benteke,be BEL,FW,Crystal Palace,27,1990,9,1,29,8,27.6,3.21,0.88,0.03,0.13,0,0,0,3.3,3.3,0.11,-2.3,-2.3,Matches
47,Jóhann Berg Guðmundsson\Johann-Berg-Gudmundsson,is ISL,MFFW,Burnley,27,1990,19.5,3,34,11,32.4,1.75,0.57,0.09,0.27,7,0,0,2.9,2.9,0.09,0.1,0.1,Matches
48,Bernard\Bernard,br BRA,FWMF,Everton,25,1992,23.5,1,24,5,20.8,1.02,0.21,0.04,0.2,0,0,0,2.6,2.6,0.11,-1.6,-1.6,Matches
49,Bernardo\Bernardo,br BRA,DF,Brighton,23,1995,19.5,0,8,3,37.5,0.41,0.15,0,0,0,0,0,0.4,0.4,0.05,-0.4,-0.4,Matches
50,Ryan Bertrand\Ryan-Bertrand,eng ENG,DF,Southampton,28,1989,24,1,15,2,13.3,0.62,0.08,0.07,0.5,3,0,0,0.9,0.9,0.06,0.1,0.1,Matches
51,Marcus Bettinelli\Marcus-Bettinelli,eng ENG,GK,Fulham,26,1992,7,0,0,0,,0,0,,,0,0,0,0,0,,0,0,Matches
52,Philip Billing\Philip-Billing,dk DEN,MF,Huddersfield,22,1996,24.3,2,43,9,20.9,1.77,0.37,0.05,0.22,3,0,0,1.8,1.8,0.04,0.2,0.2,Matches
53,Yves Bissouma\Yves-Bissouma,ml MLI,MF,Brighton,21,1996,19.7,0,31,3,9.7,1.57,0.15,0,0,3,0,0,1.6,1.6,0.05,-1.6,-1.6,Matches
54,Willy Boly\Willy-Boly,fr FRA,DF,Wolves,27,1991,35.2,4,22,6,27.3,0.63,0.17,0.18,0.67,0,0,0,2.7,2.7,0.12,1.3,1.3,Matches
55,Léo Bonatini\Leo-Bonatini,br BRA,FW,Wolves,24,1994,1.5,0,9,1,11.1,6,0.67,0,0,0,0,0,1.5,1.5,0.17,-1.5,-1.5,Matches
56,Gaëtan Bong\Gaetan-Bong,cm CMR,DF,Brighton,30,1988,20.1,0,2,0,0,0.1,0,0,,0,0,0,0.1,0.1,0.03,-0.1,-0.1,Matches
57,Artur Boruc\Artur-Boruc,pl POL,GK,Bournemouth,38,1980,12,0,0,0,,0,0,,,0,0,0,0,0,,0,0,Matches
58,Robbie Brady\Robbie-Brady,ie IRL,MFFW,Burnley,26,1992,8,0,12,2,16.7,1.5,0.25,0,0,2,0,0,0.7,0.7,0.06,-0.7,-0.7,Matches
59,Miguel Britos\Miguel-Britos,uy URU,DF,Watford,33,1985,2.1,0,0,0,,0,0,,,0,0,0,0,0,,0,0,Matches
60,David Brooks\David-Brooks,wal WAL,MFFW,Bournemouth,21,1997,25.1,7,41,21,51.2,1.63,0.84,0.17,0.33,0,0,0,5.7,5.7,0.14,1.3,1.3,Matches
61,Bruno\Bruno,es ESP,DF,Brighton,37,1980,12.6,0,2,0,0,0.16,0,0,,0,0,0,0.1,0.1,0.03,-0.1,-0.1,Matches
62,Joe Bryan\Joe-Bryan,eng ENG,DF,Fulham,24,1993,26.1,0,21,7,33.3,0.81,0.27,0,0,0,0,0,0.7,0.7,0.03,-0.7,-0.7,Matches
63,David Button\David-Button,eng ENG,GK,Brighton,29,1989,4,0,0,0,,0,0,,,0,0,0,0,0,,0,0,Matches
64,Willy Caballero\Willy-Caballero,ar ARG,GK,Chelsea,36,1981,2,0,0,0,,0,0,,,0,0,0,0,0,,0,0,Matches
65,Gary Cahill\Gary-Cahill,eng ENG,DF,Chelsea,32,1985,0.3,0,0,0,,0,0,,,0,0,0,0,0,,0,0,Matches
66,Tom Cairney\Tom-Cairney,sco SCO,MFFW,Fulham,27,1991,24.4,1,24,5,20.8,0.98,0.21,0.04,0.2,0,0,0,1.1,1.1,0.05,-0.1,-0.1,Matches
67,Dominic Calvert-Lewin\Dominic-Calvert-Lewin,eng ENG,FW,Everton,21,1997,19.8,6,55,17,30.9,2.77,0.86,0.11,0.35,0,0,0,5.2,5.1,0.09,0.8,0.9,Matches
68,Rafael Camacho\Rafael-Camacho,pt POR,DF,Liverpool,18,2000,0,0,0,0,,0,0,,,0,0,0,0,0,,0,0,Matches
69,Víctor Camarasa\Victor-Camarasa,es ESP,MF,Cardiff City,24,1994,28.5,5,39,10,25.6,1.37,0.35,0.13,0.5,5,0,0,2.7,2.7,0.07,2.3,1.3,Matches
70,Étienne Capoue\Etienne-Capoue,fr FRA,MF,Watford,30,1988,32.7,1,17,3,17.6,0.52,0.09,0.06,0.33,5,0,0,1,1,0.06,0,0,Matches
71,Andy Carroll\Andy-Carroll,eng ENG,FW,West Ham,29,1989,5.1,0,14,6,42.9,2.73,1.17,0,0,0,0,0,1.9,1.9,0.13,-1.9,-1.9,Matches
72,Jonny Castro\Jonny-Castro,es ESP,DFMF,Wolves,24,1994,30.8,1,26,7,26.9,0.84,0.23,0.04,0.14,0,0,0,2,2,0.08,-1,-1,Matches
73,Craig Cathcart\Craig-Cathcart,nir NIR,DF,Watford,29,1989,34.4,3,16,6,37.5,0.47,0.17,0.19,0.5,0,0,0,1.8,1.8,0.12,1.2,1.2,Matches
74,Ivan Cavaleiro\Ivan-Cavaleiro,pt POR,FWMF,Wolves,24,1993,7.7,3,12,4,33.3,1.56,0.52,0.25,0.75,0,0,0,2.2,2.2,0.18,0.8,0.8,Matches
75,Petr ?ech\Petr-Cech,cz CZE,GK,Arsenal,36,1982,6.5,0,0,0,,0,0,,,0,0,0,0,0,,0,0,Matches
76,Nathaniel Chalobah\Nathaniel-Chalobah,eng ENG,MFFW,Watford,23,1994,3,0,2,1,50,0.67,0.33,0,0,0,0,0,0.1,0.1,0.07,-0.1,-0.1,Matches
77,Calum Chambers\Calum-Chambers,eng ENG,MFDF,Fulham,23,1995,28.8,2,35,12,34.3,1.22,0.42,0.06,0.17,0,0,0,2.2,2.2,0.06,-0.2,-0.2,Matches
78,Ben Chilwell\Ben-Chilwell,eng ENG,DF,Leicester City,21,1996,36,0,20,10,50,0.56,0.28,0,0,0,0,0,0.8,0.8,0.04,-0.8,-0.8,Matches
79,Tahith Chong\Tahith-Chong,nl NED,FW,Manchester Utd,18,1999,0.4,0,2,1,50,4.74,2.37,0,0,0,0,0,0.1,0.1,0.04,-0.1,-0.1,Matches
80,Hamza Choudhury\Hamza-Choudhury,eng ENG,MF,Leicester City,20,1997,6.6,0,4,2,50,0.61,0.3,0,0,0,0,0,0.4,0.4,0.1,-0.4,-0.4,Matches
81,Andreas Christensen\Andreas-Christensen,dk DEN,DF,Chelsea,22,1996,6.9,0,0,0,,0,0,,,0,0,0,0,0,,0,0,Matches
82,Cyrus Christie\Cyrus-Christie,ie IRL,DF,Fulham,25,1992,21.6,0,11,4,36.4,0.51,0.18,0,0,0,0,0,0.5,0.5,0.04,-0.5,-0.5,Matches
83,Ibrahima Cissé\Ibrahima-Cisse,gn GUI,MFFW,Fulham,24,1994,1,0,0,0,,0,0,,,0,0,0,0,0,,0,0,Matches
84,Ciaran Clark\Ciaran-Clark,ie IRL,DF,Newcastle Utd,28,1989,9.5,3,7,3,42.9,0.73,0.31,0.43,1,0,0,0,0.4,0.4,0.05,2.6,2.6,Matches
85,Tom Cleverley\Tom-Cleverley,eng ENG,MFFW,Watford,28,1989,5.3,1,3,1,33.3,0.56,0.19,0.33,1,1,0,0,0.2,0.2,0.07,0.8,0.8,Matches
87,Nathaniel Clyne\Nathaniel-Clyne,eng ENG,DF,Bournemouth,27,1991,12.7,0,2,0,0,0.16,0,0,,0,0,0,0.3,0.3,0.15,-0.3,-0.3,Matches
88,Conor Coady\Conor-Coady,eng ENG,DF,Wolves,25,1993,38,0,0,0,,0,0,,,0,0,0,0,0,,0,0,Matches
89,Joel Coleman\Joel-Coleman,eng ENG,GK,Huddersfield,22,1995,1,0,0,0,,0,0,,,0,0,0,0,0,,0,0,Matches
90,Séamus Coleman\Seamus-Coleman,ie IRL,DF,Everton,29,1988,28.4,2,13,5,38.5,0.46,0.18,0.15,0.4,0,0,0,1.2,1.2,0.09,0.8,0.8,Matches
91,Lewis Cook\Lewis-Cook,eng ENG,MF,Bournemouth,21,1997,8,0,3,0,0,0.37,0,0,,0,0,0,0.1,0.1,0.03,-0.1,-0.1,Matches
92,Steve Cook\Steve-Cook,eng ENG,DF,Bournemouth,27,1991,31,1,22,8,36.4,0.71,0.26,0.05,0.13,0,0,0,1.1,1.1,0.05,-0.1,-0.1,Matches
93,Jack Cork\Jack-Cork,eng ENG,MF,Burnley,29,1989,36.8,1,15,2,13.3,0.41,0.05,0.07,0.5,0,0,0,1.7,1.7,0.12,-0.7,-0.7,Matches
94,Hélder Costa\Helder-Costa,pt POR,FWMF,Wolves,24,1994,14.9,1,25,7,28,1.68,0.47,0.04,0.14,0,0,0,2.5,2.5,0.1,-1.5,-1.5,Matches
95,Aaron Cresswell\Aaron-Cresswell,eng ENG,DF,West Ham,28,1989,17.7,0,11,0,0,0.62,0,0,,2,0,0,0.5,0.5,0.04,-0.5,-0.5,Matches
96,Peter Crouch\Peter-Crouch,eng ENG,FW,Burnley,37,1981,1,0,4,1,25,3.91,0.98,0,0,0,0,0,0.4,0.4,0.09,-0.4,-0.4,Matches
97,Greg Cunningham\Greg-Cunningham,ie IRL,DF,Cardiff City,27,1991,7,0,1,1,100,0.14,0.14,0,0,0,0,0,0,0,0.01,0,0,Matches
98,Diogo Dalot\Diogo-Dalot,pt POR,DFMF,Manchester Utd,19,1999,11.3,0,15,0,0,1.33,0,0,,0,0,0,0.4,0.4,0.03,-0.4,-0.4,Matches
99,Matty Daly\Matty-Daly,eng ENG,MF,Huddersfield,17,2001,0.8,0,0,0,,0,0,,,0,0,0,0,0,,0,0,Matches
100,Loïc Damour\Loic-Damour,fr FRA,MF,Cardiff City,27,1991,0.3,0,1,0,0,3.91,0,0,,0,0,0,0,0,0.02,0,0,Matches
101,Charlie Daniels\Charlie-Daniels,eng ENG,DF,Bournemouth,31,1986,17.6,1,13,3,23.1,0.74,0.17,0.08,0.33,0,0,0,0.5,0.5,0.04,0.5,0.5,Matches
102,Danilo\Danilo,br BRA,DF,Manchester City,27,1991,9,1,14,3,21.4,1.56,0.33,0.07,0.33,0,0,0,0.5,0.5,0.03,0.5,0.5,Matches
103,Scott Dann\Scott-Dann,eng ENG,DF,Crystal Palace,31,1987,7.4,0,6,1,16.7,0.81,0.14,0,0,0,0,0,0.3,0.3,0.04,-0.3,-0.3,Matches
104,Matteo Darmian\Matteo-Darmian,it ITA,DF,Manchester Utd,28,1989,4.9,0,1,1,100,0.2,0.2,0,0,0,0,0,0,0,0.03,0,0,Matches
105,Ben Davies\Ben-Davies,wal WAL,DF,Tottenham,25,1993,20.5,0,15,1,6.7,0.73,0.05,0,0,0,0,0,0.8,0.8,0.05,-0.8,-0.8,Matches
106,Tom Davies\Tom-Davies,eng ENG,MF,Everton,20,1998,10.9,0,7,2,28.6,0.64,0.18,0,0,0,0,0,0.3,0.3,0.04,-0.3,-0.3,Matches
107,Steven Davis\Steven-Davis,nir NIR,MF,Southampton,33,1985,1.1,0,0,0,,0,0,,,0,0,0,0,0,,0,0,Matches
108,Kevin De Bruyne\Kevin-De-Bruyne,be BEL,MF,Manchester City,27,1991,10.8,2,31,11,35.5,2.86,1.02,0.06,0.18,3,0,0,2.1,2.1,0.07,-0.1,-0.1,Matches
109,Troy Deeney\Troy-Deeney,eng ENG,FW,Watford,30,1988,28.3,9,61,28,45.9,2.16,0.99,0.13,0.29,0,1,1,9.3,8.5,0.14,-0.3,-0.5,Matches
110,Jermain Defoe\Jermain-Defoe,eng ENG,DFFW,Bournemouth,35,1982,0.3,0,1,1,100,3.6,3.6,0,0,0,0,0,0.4,0.4,0.44,-0.4,-0.4,Matches
111,Steven Defour\Steven-Defour,be BEL,MF,Burnley,30,1988,5,0,0,0,,0,0,,,0,0,0,0,0,,0,0,Matches
112,Fabian Delph\Fabian-Delph,eng ENG,DF,Manchester City,28,1989,8.1,0,4,3,75,0.5,0.37,0,0,0,0,0,0.1,0.1,0.02,-0.1,-0.1,Matches
113,Mousa Dembélé\Mousa-Dembele,be BEL,MF,Tottenham,31,1987,5.7,0,1,0,0,0.17,0,0,,0,0,0,0,0,0.05,0,0,Matches
114,Leander Dendoncker\Leander-Dendoncker,be BEL,MF,Wolves,23,1995,16.3,2,16,9,56.3,0.98,0.55,0.13,0.22,0,0,0,2.5,2.5,0.16,-0.5,-0.5,Matches
115,Laurent Depoitre\Laurent-Depoitre,be BEL,FW,Huddersfield,29,1988,11.9,0,34,7,20.6,2.87,0.59,0,0,0,0,0,3.5,3.5,0.11,-3.5,-3.5,Matches
116,Gerard Deulofeu\Gerard-Deulofeu,es ESP,FW,Watford,24,1994,23,10,62,23,37.1,2.7,1,0.16,0.43,6,0,0,8.3,8.3,0.13,1.7,1.7,Matches
117,Fousseni Diabaté\Fousseni-Diabate,ml MLI,FW,Leicester City,22,1995,0.6,0,0,0,,0,0,,,0,0,0,0,0,,0,0,Matches
118,Adama Diakhaby\Adama-Diakhaby,fr FRA,FWMF,Huddersfield,22,1996,6.1,0,7,3,42.9,1.14,0.49,0,0,0,0,0,0.8,0.8,0.12,-0.8,-0.8,Matches
119,Mohamed Diamé\Mohamed-Diame,sn SEN,MF,Newcastle Utd,31,1987,24.1,0,21,3,14.3,0.87,0.12,0,0,0,0,0,0.9,0.9,0.04,-0.9,-0.9,Matches
120,Grady Diangana\Grady-Diangana,eng ENG,FWMF,West Ham,20,1998,6.8,0,10,3,30,1.48,0.44,0,0,0,0,0,0.7,0.7,0.07,-0.7,-0.7,Matches
121,Eric Dier\Eric-Dier,eng ENG,MF,Tottenham,24,1994,16.7,3,9,3,33.3,0.54,0.18,0.33,1,0,0,0,1.6,1.6,0.18,1.4,1.4,Matches
122,Lucas Digne\Lucas-Digne,fr FRA,DF,Everton,25,1993,32.9,4,34,10,29.4,1.03,0.3,0.12,0.4,11,0,0,1.1,1.1,0.03,2.9,2.9,Matches
123,Virgil van Dijk\Virgil-van-Dijk,nl NED,DF,Liverpool,27,1991,37.6,4,32,8,25,0.85,0.21,0.13,0.5,1,0,0,3.2,3.2,0.1,0.8,0.8,Matches
124,Issa Diop\Issa-Diop,fr FRA,DF,West Ham,21,1997,33,1,14,4,28.6,0.42,0.12,0.07,0.25,0,0,0,1.1,1.1,0.08,-0.1,-0.1,Matches
125,Matt Doherty\Matt-Doherty,ie IRL,DFMF,Wolves,26,1992,34.9,4,43,17,39.5,1.23,0.49,0.09,0.24,0,0,0,5.6,5.6,0.13,-1.6,-1.6,Matches
126,Abdoulaye Doucouré\Abdoulaye-Doucoure,fr FRA,MF,Watford,25,1993,34,5,52,16,30.8,1.53,0.47,0.1,0.31,0,0,0,5.6,5.6,0.11,-0.6,-0.6,Matches
127,Luke Dreher\Luke-Dreher,eng ENG,MF,Crystal Palace,19,1998,0,0,0,0,,0,0,,,0,0,0,0,0,,0,0,Matches
128,Martin Dúbravka\Martin-Dubravka,sk SVK,GK,Newcastle Utd,29,1989,38,0,0,0,,0,0,,,0,0,0,0,0,,0,0,Matches
129,Shane Duffy\Shane-Duffy,ie IRL,DF,Brighton,26,1992,34.3,5,39,14,35.9,1.14,0.41,0.13,0.36,0,0,0,2.8,2.8,0.07,2.2,2.2,Matches
130,Demeaco Duhaney\Demeaco-Duhaney,eng ENG,DF,Huddersfield,19,1998,0.5,0,0,0,,0,0,,,0,0,0,0,0,,0,0,Matches
131,Paul Dummett\Paul-Dummett,wal WAL,DF,Newcastle Utd,26,1991,22.1,0,8,1,12.5,0.36,0.05,0,0,0,0,0,0.2,0.2,0.03,-0.2,-0.2,Matches
132,Lewis Dunk\Lewis-Dunk,eng ENG,DF,Brighton,26,1991,35,2,22,4,18.2,0.63,0.11,0.09,0.5,1,0,0,1.2,1.2,0.05,0.8,0.8,Matches
133,Erik Durm\Erik-Durm,de GER,DF,Huddersfield,26,1992,22.8,0,8,0,0,0.35,0,0,,0,0,0,0.3,0.3,0.04,-0.3,-0.3,Matches
134,Bruno Ecuele Manga\Bruno-Ecuele-Manga,ga GAB,DF,Cardiff City,30,1988,37.5,0,11,2,18.2,0.29,0.05,0,0,0,0,0,0.8,0.8,0.07,-0.8,-0.8,Matches
135,Ederson\Ederson,br BRA,GK,Manchester City,24,1993,38,0,0,0,,0,0,,,0,0,0,0,0,,0,0,Matches
136,Harvey Elliot\Harvey-Elliot,eng ENG,MF,Fulham,15,2003,0.2,0,1,1,100,4.5,4.5,0,0,0,0,0,0.1,0.1,0.12,-0.1,-0.1,Matches
137,Mohamed Elneny\Mohamed-Elneny,eg EGY,MF,Arsenal,26,1992,4.2,0,7,0,0,1.66,0,0,,0,0,0,0.6,0.6,0.08,-0.6,-0.6,Matches
138,Mohamed Elyounoussi\Mohamed-Elyounoussi,no NOR,MFFW,Southampton,23,1994,8.8,0,19,6,31.6,2.16,0.68,0,0,0,0,0,1.9,1.9,0.1,-1.9,-1.9,Matches
139,Christian Eriksen\Christian-Eriksen,dk DEN,MFFW,Tottenham,26,1992,30.8,8,84,31,36.9,2.73,1.01,0.1,0.26,12,0,0,5.5,5.5,0.07,2.5,2.5,Matches
140,Neil Etheridge\Neil-Etheridge,ph PHI,GK,Cardiff City,28,1990,38,0,0,0,,0,0,,,0,0,0,0,0,,0,0,Matches
141,Jonny Evans\Jonny-Evans,nir NIR,DF,Leicester City,30,1988,22.2,1,10,4,40,0.45,0.18,0.1,0.25,0,0,0,0.9,0.9,0.09,0.1,0.1,Matches
142,?ukasz Fabia?ski\Lukasz-Fabianski,pl POL,GK,West Ham,33,1985,38,0,0,0,,0,0,,,0,0,0,0,0,,0,0,Matches
143,Fabinho\Fabinho,br BRA,MF,Liverpool,24,1993,22.4,1,17,4,23.5,0.76,0.18,0.06,0.25,0,0,0,1,1,0.06,0,0,Matches
144,Cesc Fàbregas\Cesc-Fabregas,es ESP,MF,Chelsea,31,1987,2,0,1,0,0,0.5,0,0,,0,0,0,0.1,0.1,0.11,-0.1,-0.1,Matches
145,Fabricio\Fabricio,es ESP,GK,Fulham,30,1987,2,0,0,0,,0,0,,,0,0,0,0,0,,0,0,Matches
146,Marouane Fellaini\Marouane-Fellaini,be BEL,MF,Manchester Utd,30,1987,8.4,0,8,3,37.5,0.96,0.36,0,0,0,0,0,0.4,0.4,0.05,-0.4,-0.4,Matches
147,Kiko Femenía\Kiko-Femenia,es ESP,DF,Watford,27,1991,22.8,1,7,3,42.9,0.31,0.13,0.14,0.33,0,0,0,0.5,0.5,0.06,0.5,0.5,Matches
148,Federico Fernández\Federico-Fernandez,ar ARG,DF,Newcastle Utd,29,1989,16.5,0,4,1,25,0.24,0.06,0,0,0,0,0,0.2,0.2,0.04,-0.2,-0.2,Matches
149,Fernandinho\Fernandinho,br BRA,MF,Manchester City,33,1985,26.4,1,31,7,22.6,1.17,0.27,0.03,0.14,0,0,0,1.9,1.9,0.06,-0.9,-0.9,Matches
150,Roberto Firmino\Roberto-Firmino,br BRA,FWMF,Liverpool,26,1991,29,12,73,31,42.5,2.52,1.07,0.15,0.35,0,1,1,13.3,12.5,0.17,-1.3,-1.5,Matches
151,Phil Foden\Phil-Foden,eng ENG,MF,Manchester City,18,2000,3.7,1,14,6,42.9,3.76,1.61,0.07,0.17,0,0,0,2.5,2.5,0.18,-1.5,-1.5,Matches
152,Fraser Forster\Fraser-Forster,eng ENG,GK,Southampton,30,1988,1,0,0,0,,0,0,,,0,0,0,0,0,,0,0,Matches
153,Ben Foster\Ben-Foster,eng ENG,GK,Watford,35,1983,38,0,1,0,0,0.03,0,0,,0,0,0,0,0,0.01,0,0,Matches
154,Timothy Fosu-Mensah\Timothy-Fosu-Mensah,nl NED,DF,Fulham,20,1998,8.8,0,4,1,25,0.45,0.11,0,0,0,0,0,0.1,0.1,0.02,-0.1,-0.1,Matches
155,Juan Foyth\Juan-Foyth,ar ARG,DF,Tottenham,20,1998,9.9,1,5,1,20,0.51,0.1,0.2,1,0,0,0,0.7,0.7,0.15,0.3,0.3,Matches
156,Simon Francis\Simon-Francis,eng ENG,DF,Bournemouth,33,1985,13.7,0,3,1,33.3,0.22,0.07,0,0,0,0,0,0.1,0.1,0.03,-0.1,-0.1,Matches
157,Ryan Fraser\Ryan-Fraser,sco SCO,MFFW,Bournemouth,24,1994,35.2,7,50,24,48,1.42,0.68,0.14,0.29,3,0,0,4.5,4.5,0.09,2.5,2.5,Matches
158,Fred\Fred,br BRA,MF,Manchester Utd,25,1993,11.6,1,17,2,11.8,1.47,0.17,0.06,0.5,1,0,0,0.8,0.8,0.05,0.2,0.2,Matches
159,Ryan Fredericks\Ryan-Fredericks,eng ENG,DF,West Ham,25,1992,12.1,1,5,2,40,0.41,0.17,0.2,0.5,0,0,0,0.5,0.5,0.09,0.5,0.5,Matches
160,Christian Fuchs\Christian-Fuchs,at AUT,DF,Leicester City,32,1986,2.3,0,2,0,0,0.87,0,0,,0,0,0,0.1,0.1,0.03,-0.1,-0.1,Matches
161,Manolo Gabbiadini\Manolo-Gabbiadini,it ITA,FWMF,Southampton,26,1991,5.3,1,21,8,38.1,3.97,1.51,0.05,0.13,1,0,0,1.9,1.9,0.09,-0.9,-0.9,Matches
162,Sam Gallagher\Sam-Gallagher,eng ENG,FW,Southampton,22,1995,0.4,0,0,0,,0,0,,,0,0,0,0,0,,0,0,Matches
163,Idrissa Gana Gueye\Idrissa-Gana-Gueye,sn SEN,MF,Everton,28,1989,31.4,0,20,3,15,0.64,0.1,0,0,0,0,0,0.7,0.7,0.04,-0.7,-0.7,Matches
164,James Garner\James-Garner,eng ENG,MF,Manchester Utd,17,2001,0,0,0,0,,0,0,,,0,0,0,0,0,,0,0,Matches
165,Paulo Gazzaniga\Paulo-Gazzaniga,ar ARG,GK,Tottenham,26,1992,3,0,0,0,,0,0,,,0,0,0,0,0,,0,0,Matches
166,David de Gea\David-de-Gea,es ESP,GK,Manchester Utd,27,1990,38,0,0,0,,0,0,,,0,0,0,0,0,,0,0,Matches
167,Rachid Ghezzal\Rachid-Ghezzal,dz ALG,FWMF,Leicester City,26,1992,8.3,1,21,6,28.6,2.54,0.73,0.05,0.17,1,0,0,1,1,0.05,0,0,Matches
168,Morgan Gibbs-White\Morgan-Gibbs-White,eng ENG,MFFW,Wolves,18,2000,7.4,0,8,1,12.5,1.09,0.14,0,0,0,0,0,0.9,0.9,0.12,-0.9,-0.9,Matches
169,Ben Gibson\Ben-Gibson,eng ENG,DF,Burnley,25,1993,0.7,1,1,1,100,1.45,1.45,1,1,0,0,0,0.5,0.5,0.47,0.5,0.5,Matches
170,Olivier Giroud\Olivier-Giroud,fr FRA,FW,Chelsea,31,1986,9.4,2,31,10,32.3,3.29,1.06,0.06,0.2,0,0,0,3.7,3.7,0.12,-1.7,-1.7,Matches
171,André Gomes\Andre-Gomes,pt POR,MF,Everton,25,1993,22,1,22,5,22.7,1,0.23,0.05,0.2,0,0,0,1.7,1.7,0.09,-0.7,-0.7,Matches
172,Angel Gomes\Angel-Gomes,eng ENG,MFFW,Manchester Utd,17,2000,0.3,0,2,1,50,6.67,3.33,0,0,0,0,0,0.1,0.1,0.05,-0.1,-0.1,Matches
173,Joe Gomez\Joe-Gomez,eng ENG,DF,Liverpool,21,1997,11.8,0,4,1,25,0.34,0.08,0,0,0,0,0,0.2,0.2,0.06,-0.2,-0.2,Matches
174,Jon Gorenc Stankovi?\Jon-Gorenc-Stankovic,si SVN,MFDF,Huddersfield,22,1996,7.9,1,9,2,22.2,1.13,0.25,0.11,0.5,0,0,0,0.9,0.9,0.1,0.1,0.1,Matches
175,Dan Gosling\Dan-Gosling,eng ENG,MF,Bournemouth,28,1990,19.3,2,21,7,33.3,1.09,0.36,0.1,0.29,0,0,0,1.5,1.5,0.07,0.5,0.5,Matches
176,Karlan Grant\Karlan-Grant,eng ENG,FWMF,Huddersfield,20,1997,9.7,3,21,10,47.6,2.16,1.03,0.14,0.3,0,0,0,2.7,2.7,0.13,0.3,0.3,Matches
177,Andre Gray\Andre-Gray,eng ENG,FW,Watford,27,1991,15.2,7,37,15,40.5,2.44,0.99,0.19,0.47,0,0,0,6.1,6.1,0.17,0.9,0.9,Matches
178,Demarai Gray\Demarai-Gray,eng ENG,FWMF,Leicester City,22,1996,22.1,4,46,19,41.3,2.09,0.86,0.09,0.21,1,0,0,4,4,0.09,0,0,Matches
179,Mason Greenwood\Mason-Greenwood,eng ENG,FW,Manchester Utd,16,2001,1.3,0,7,4,57.1,5.38,3.08,0,0,0,0,0,0.9,0.9,0.12,-0.9,-0.9,Matches
180,Pascal Groß\Pascal-Gross,de GER,MF,Brighton,27,1991,20.7,3,21,7,33.3,1.01,0.34,0.1,0.29,1,1,2,3.7,2.2,0.11,-0.7,-0.2,Matches
181,Vicente Guaita\Vicente-Guaita,es ESP,GK,Crystal Palace,31,1987,19.5,0,0,0,,0,0,,,0,0,0,0,0,,0,0,Matches
182,Mattéo Guendouzi\Matteo-Guendouzi,fr FRA,MF,Arsenal,19,1999,23.9,0,15,3,20,0.63,0.13,0,0,0,0,0,0.4,0.4,0.03,-0.4,-0.4,Matches
183,?lkay Gündo?an\Ilkay-Gundogan,de GER,MF,Manchester City,27,1990,23.7,6,43,11,25.6,1.81,0.46,0.14,0.55,2,0,0,3.6,3.6,0.08,2.4,2.4,Matches
184,Angus Gunn\Angus-Gunn,eng ENG,GK,Southampton,22,1996,12,0,0,0,,0,0,,,0,0,0,0,0,,0,0,Matches
185,Aron Gunnarsson\Aron-Gunnarsson,is ISL,MF,Cardiff City,29,1989,25.2,1,20,4,20,0.79,0.16,0.05,0.25,0,0,0,1.3,1.3,0.06,-0.3,-0.3,Matches
186,Florent Hadergjonaj\Florent-Hadergjonaj,xk KVX,DFMF,Huddersfield,24,1994,20.5,0,6,2,33.3,0.29,0.1,0,0,0,0,0,0.4,0.4,0.06,-0.4,-0.4,Matches
187,Ben Hamer\Ben-Hamer,eng ENG,GK,Huddersfield,30,1987,6.1,0,0,0,,0,0,,,0,0,0,0,0,,0,0,Matches
188,Kadeem Harris\Kadeem-Harris,eng ENG,MFFW,Cardiff City,25,1993,4.2,1,5,3,60,1.2,0.72,0.2,0.33,0,0,0,1,1,0.2,0,0,Matches
189,Joe Hart\Joe-Hart,eng ENG,GK,Burnley,31,1987,19,0,0,0,,0,0,,,0,0,0,0,0,,0,0,Matches
190,Isaac Hayden\Isaac-Hayden,eng ENG,MF,Newcastle Utd,23,1995,20.7,1,20,5,25,0.97,0.24,0.05,0.2,0,0,0,0.9,0.9,0.04,0.1,0.1,Matches
191,Eden Hazard\Eden-Hazard,be BEL,FW,Chelsea,27,1991,32.5,16,90,39,43.3,2.77,1.2,0.13,0.31,2,4,4,11.3,8.2,0.09,4.7,3.8,Matches
192,Rhys Healey\Rhys-Healey,wal WAL,FWMF,Cardiff City,23,1994,0.6,0,1,0,0,1.73,0,0,,0,0,0,0,0,0.04,0,0,Matches
193,Tom Heaton\Tom-Heaton,eng ENG,GK,Burnley,32,1986,19,0,1,0,0,0.05,0,0,,0,0,0,0,0,0.04,0,0,Matches
194,Jordan Henderson\Jordan-Henderson,eng ENG,MF,Liverpool,28,1990,22.1,1,16,1,6.3,0.72,0.05,0.06,1,0,0,0,1.7,1.7,0.11,-0.7,-0.7,Matches
195,Jeff Hendrick\Jeff-Hendrick,ie IRL,MFFW,Burnley,26,1992,22.9,3,19,6,31.6,0.83,0.26,0.16,0.5,1,0,0,1.4,1.4,0.08,1.6,1.6,Matches
196,Wayne Hennessey\Wayne-Hennessey,wal WAL,GK,Crystal Palace,31,1987,17.5,0,0,0,,0,0,,,0,0,0,0,0,,0,0,Matches
197,Javier Hernández\Javier-Hernandez,mx MEX,FW,West Ham,30,1988,14.8,7,34,16,47.1,2.29,1.08,0.21,0.44,0,0,0,6.3,6.3,0.19,0.7,0.7,Matches
198,Ander Herrera\Ander-Herrera,es ESP,MF,Manchester Utd,28,1989,15.6,2,21,9,42.9,1.35,0.58,0.1,0.22,0,0,0,1.7,1.7,0.08,0.3,0.3,Matches
199,Son Heung-min\Son-Heung-min,kr KOR,FWMF,Tottenham,26,1992,22.7,12,75,28,37.3,3.31,1.24,0.16,0.43,1,0,0,7.8,7.8,0.1,4.2,4.2,Matches
200,Gonzalo Higuaín\Gonzalo-Higuain,ar ARG,FW,Chelsea,30,1987,12.1,5,45,13,28.9,3.73,1.08,0.11,0.38,0,0,0,5.3,5.3,0.12,-0.3,-0.3,Matches
201,Wesley Hoedt\Wesley-Hoedt,nl NED,DF,Southampton,24,1994,13,0,6,1,16.7,0.46,0.08,0,0,0,0,0,0.5,0.5,0.09,-0.5,-0.5,Matches
202,Jonathan Hogg\Jonathan-Hogg,eng ENG,MF,Huddersfield,29,1988,26.3,0,8,1,12.5,0.3,0.04,0,0,0,0,0,0.3,0.3,0.04,-0.3,-0.3,Matches
203,Junior Hoilett\Junior-Hoilett,ca CAN,FWMF,Cardiff City,28,1990,23.8,3,41,10,24.4,1.72,0.42,0.07,0.3,1,0,0,3.3,3.3,0.08,-0.3,-0.3,Matches
204,Rob Holding\Rob-Holding,eng ENG,DF,Arsenal,22,1995,9,0,1,0,0,0.11,0,0,,0,0,0,0,0,0.01,0,0,Matches
205,José Holebas\Jose-Holebas,gr GRE,DF,Watford,34,1984,26.6,3,17,6,35.3,0.64,0.23,0.18,0.5,4,0,0,1.2,1.2,0.07,1.8,1.8,Matches
206,Mason Holgate\Mason-Holgate,eng ENG,DF,Everton,21,1996,4.5,0,0,0,,0,0,,,0,0,0,0,0,,0,0,Matches
207,Callum Hudson-Odoi\Callum-Hudson-Odoi,eng ENG,FW,Chelsea,17,2000,4.4,0,6,3,50,1.37,0.69,0,0,0,0,0,0.7,0.7,0.11,-0.7,-0.7,Matches
208,Will Hughes\Will-Hughes,eng ENG,MFFW,Watford,23,1995,26.9,2,31,8,25.8,1.15,0.3,0.06,0.25,0,0,0,2.5,2.5,0.08,-0.5,-0.5,Matches
209,Emerson Hyndman\Emerson-Hyndman,us USA,MF,Bournemouth,22,1996,0.4,0,0,0,,0,0,,,0,0,0,0,0,,0,0,Matches
210,Pierre Højbjerg\Pierre-Hojbjerg,dk DEN,MF,Southampton,22,1995,30.7,4,53,19,35.8,1.73,0.62,0.08,0.21,2,0,0,2.5,2.5,0.05,1.5,1.5,Matches
211,Jordon Ibe\Jordon-Ibe,eng ENG,MFFW,Bournemouth,22,1995,8.9,1,9,3,33.3,1.02,0.34,0.11,0.33,0,0,0,0.6,0.6,0.07,0.4,0.4,Matches
212,Vicente Iborra\Vicente-Iborra,es ESP,MF,Leicester City,30,1988,2.5,0,2,1,50,0.79,0.39,0,0,0,0,0,0.2,0.2,0.09,-0.2,-0.2,Matches
213,Kelechi Iheanacho\Kelechi-Iheanacho,ng NGA,FWMF,Leicester City,21,1996,10.5,1,19,6,31.6,1.82,0.57,0.05,0.17,0,0,0,2.4,2.4,0.12,-1.4,-1.4,Matches
214,Danny Ings\Danny-Ings,eng ENG,FW,Southampton,26,1992,18.3,7,52,19,36.5,2.83,1.04,0.08,0.21,0,3,3,8.6,6.4,0.12,-1.6,-2.4,Matches
215,Alex Iwobi\Alex-Iwobi,ng NGA,FWMF,Arsenal,22,1996,21.9,3,35,14,40,1.6,0.64,0.09,0.21,0,0,0,3.3,3.3,0.09,-0.3,-0.3,Matches
216,José Izquierdo\Jose-Izquierdo,co COL,MFFW,Brighton,26,1992,8.8,0,15,4,26.7,1.7,0.45,0,0,0,0,0,0.7,0.7,0.05,-0.7,-0.7,Matches
217,Phil Jagielka\Phil-Jagielka,eng ENG,DFMF,Everton,35,1982,3.7,1,1,1,100,0.27,0.27,1,1,0,0,0,0.4,0.4,0.38,0.6,0.6,Matches
218,Alireza Jahanbakhsh\Alireza-Jahanbakhsh,ir IRN,FWMF,Brighton,24,1993,11.3,0,22,7,31.8,1.94,0.62,0,0,0,0,0,0.8,0.8,0.04,-0.8,-0.8,Matches
219,Daryl Janmaat\Daryl-Janmaat,nl NED,DF,Watford,29,1989,16.9,0,11,1,9.1,0.65,0.06,0,0,0,0,0,0.4,0.4,0.04,-0.4,-0.4,Matches
220,Vincent Janssen\Vincent-Janssen,nl NED,FW,Tottenham,24,1994,0.4,0,3,2,66.7,6.92,4.62,0,0,0,0,0,0.3,0.3,0.11,-0.3,-0.3,Matches
221,Carl Jenkinson\Carl-Jenkinson,eng ENG,DF,Arsenal,26,1992,1.8,0,0,0,,0,0,,,0,0,0,0,0,,0,0,Matches
222,Gabriel Jesus\Gabriel-Jesus,br BRA,FW,Manchester City,21,1997,11.5,7,42,22,52.4,3.65,1.91,0.14,0.27,0,1,1,9.2,8.4,0.21,-2.2,-2.4,Matches
223,Raúl Jiménez\Raul-Jimenez,mx MEX,FW,Wolves,27,1991,34.6,13,113,32,28.3,3.27,0.93,0.1,0.34,0,2,2,14.2,12.7,0.11,-1.2,-1.7,Matches
224,Stefan Johansen\Stefan-Johansen,no NOR,MF,Fulham,27,1991,4.6,0,1,0,0,0.22,0,0,,1,0,0,0,0,0.03,0,0,Matches
225,Ben Johnson\Ben-Johnson,eng ENG,DF,West Ham,18,2000,0.7,0,0,0,,0,0,,,0,0,0,0,0,,0,0,Matches
226,Tyreke Johnson\Tyreke-Johnson,eng ENG,FW,Southampton,19,1998,0,0,0,0,,0,0,,,0,0,0,0,0,,0,0,Matches
227,Phil Jones\Phil-Jones,eng ENG,DF,Manchester Utd,26,1992,14,0,5,2,40,0.36,0.14,0,0,0,0,0,0.4,0.4,0.08,-0.4,-0.4,Matches
228,Jorginho\Jorginho,it ITA,MF,Chelsea,26,1991,35.1,2,18,6,33.3,0.51,0.17,0.06,0.17,0,1,1,1.5,0.7,0.04,0.5,0.3,Matches
229,Joselu\Joselu,es ESP,FW,Newcastle Utd,28,1990,6.6,2,16,5,31.3,2.42,0.76,0.13,0.4,0,0,0,1.5,1.5,0.09,0.5,0.5,Matches
230,Diogo Jota\Diogo-Jota,pt POR,FWMF,Wolves,21,1996,26.2,9,57,23,40.4,2.18,0.88,0.16,0.39,0,0,0,8,8,0.14,1,1,Matches
231,Mathias Jørgensen\Mathias-Jorgensen,dk DEN,DF,Huddersfield,28,1990,23.9,3,8,4,50,0.34,0.17,0.38,0.75,0,0,0,1,1,0.13,2,2,Matches
232,Christian Kabasele\Christian-Kabasele,be BEL,DF,Watford,27,1991,17.6,0,8,2,25,0.45,0.11,0,0,0,0,0,1.3,1.3,0.17,-1.3,-1.3,Matches
233,Elias Kachunga\Elias-Kachunga,cd COD,FWMF,Huddersfield,26,1992,13.1,0,14,3,21.4,1.07,0.23,0,0,0,0,0,1,1,0.07,-1,-1,Matches
234,Aboubakar Kamara\Aboubakar-Kamara,fr FRA,FWMF,Fulham,23,1995,7.7,3,19,8,42.1,2.47,1.04,0.11,0.25,0,1,2,3.7,2.2,0.11,-0.7,-0.2,Matches
235,Harry Kane\Harry-Kane,eng ENG,FW,Tottenham,25,1993,26.9,17,97,42,43.3,3.6,1.56,0.13,0.31,4,4,4,14.1,11.1,0.12,2.9,1.9,Matches
236,N'Golo Kanté\NGolo-Kante,fr FRA,MF,Chelsea,27,1991,34.4,4,29,6,20.7,0.84,0.17,0.14,0.67,0,0,0,2.7,2.7,0.09,1.3,1.3,Matches
237,Beram Kayal\Beram-Kayal,il ISR,MF,Brighton,30,1988,10.4,1,4,1,25,0.38,0.1,0.25,1,0,0,0,0.3,0.3,0.09,0.7,0.7,Matches
238,Michael Keane\Michael-Keane,eng ENG,DF,Everton,25,1993,33,1,29,9,31,0.88,0.27,0.03,0.11,0,0,0,1.9,1.9,0.06,-0.9,-0.9,Matches
239,Neeskens Kebano\Neeskens-Kebano,cd COD,FWMF,Fulham,26,1992,1.2,0,1,0,0,0.83,0,0,,0,0,0,0.1,0.1,0.06,-0.1,-0.1,Matches
240,Naby Keïta\Naby-Keita,gn GUI,MF,Liverpool,23,1995,15.4,2,28,9,32.1,1.81,0.58,0.07,0.22,0,0,0,2.1,2.1,0.08,-0.1,-0.1,Matches
241,Martin Kelly\Martin-Kelly,eng ENG,DF,Crystal Palace,28,1990,12.3,0,3,1,33.3,0.24,0.08,0,0,0,0,0,0.4,0.4,0.14,-0.4,-0.4,Matches
242,Kenedy\Kenedy,br BRA,MFFW,Newcastle Utd,22,1996,15,1,29,5,17.2,1.94,0.33,0.03,0.2,1,0,1,2.5,1.7,0.06,-1.5,-0.7,Matches
243,Jonjoe Kenny\Jonjoe-Kenny,eng ENG,DF,Everton,21,1997,8.8,0,3,0,0,0.34,0,0,,0,0,0,0.1,0.1,0.04,-0.1,-0.1,Matches
244,Max Kilman\Max-Kilman,eng ENG,DF,Wolves,21,1997,0,0,0,0,,0,0,,,0,0,0,0,0,,0,0,Matches
245,Joshua King\Joshua-King,no NOR,FW,Bournemouth,26,1992,32.9,12,64,18,28.1,1.95,0.55,0.11,0.39,0,5,6,12.5,7.9,0.12,-0.5,-0.9,Matches
246,Anthony Knockaert\Anthony-Knockaert,fr FRA,FWMF,Brighton,26,1991,20.4,2,29,9,31,1.42,0.44,0.07,0.22,2,0,0,2.9,2.9,0.1,-0.9,-0.9,Matches
247,Sead Kolašinac\Sead-Kolasinac,ba BIH,DF,Arsenal,25,1993,21,0,10,2,20,0.48,0.1,0,0,0,0,0,0.5,0.5,0.05,-0.5,-0.5,Matches
248,Vincent Kompany\Vincent-Kompany,be BEL,DF,Manchester City,32,1986,13.6,1,3,1,33.3,0.22,0.07,0.33,1,0,0,0,0.2,0.2,0.05,0.8,0.8,Matches
249,Terence Kongolo\Terence-Kongolo,nl NED,DF,Huddersfield,24,1994,30.2,1,14,4,28.6,0.46,0.13,0.07,0.25,0,0,0,1.2,1.2,0.08,-0.2,-0.2,Matches
250,Laurent Koscielny\Laurent-Koscielny,fr FRA,DF,Arsenal,32,1985,14.8,3,5,4,80,0.34,0.27,0.6,0.75,0,0,0,1.7,1.7,0.35,1.3,1.3,Matches
251,Cheikhou Kouyaté\Cheikhou-Kouyate,sn SEN,MF,Crystal Palace,28,1989,21.1,0,21,8,38.1,1,0.38,0,0,0,0,0,1.4,1.4,0.07,-1.4,-1.4,Matches
252,Mateo Kova?i?\Mateo-Kovacic,hr CRO,MF,Chelsea,24,1994,19.3,0,29,3,10.3,1.5,0.16,0,0,0,0,0,1.8,1.8,0.06,-1.8,-1.8,Matches
253,Rajiv van La Parra\Rajiv-van-La-Parra,nl NED,MFFW,Huddersfield,27,1991,4.5,0,5,0,0,1.11,0,0,,0,0,0,0.3,0.3,0.06,-0.3,-0.3,Matches
254,Alexandre Lacazette\Alexandre-Lacazette,fr FRA,FW,Arsenal,27,1991,27.8,13,81,28,34.6,2.91,1.01,0.16,0.46,1,0,0,11.8,11.8,0.15,1.2,1.2,Matches
255,Adam Lallana\Adam-Lallana,eng ENG,MFFW,Liverpool,30,1988,5.2,0,5,2,40,0.96,0.38,0,0,0,0,0,0.4,0.4,0.08,-0.4,-0.4,Matches
256,Érik Lamela\Erik-Lamela,ar ARG,FWMF,Tottenham,26,1992,10.8,4,29,11,37.9,2.68,1.02,0.14,0.36,1,0,0,3.4,3.4,0.12,0.6,0.6,Matches
257,Manuel Lanzini\Manuel-Lanzini,ar ARG,MF,West Ham,25,1993,7.6,1,11,4,36.4,1.44,0.52,0.09,0.25,3,0,0,1.3,1.3,0.12,-0.3,-0.3,Matches
258,Aymeric Laporte\Aymeric-Laporte,fr FRA,DF,Manchester City,24,1994,34,3,27,7,25.9,0.79,0.21,0.11,0.43,0,0,0,2.2,2.2,0.08,0.8,0.8,Matches
259,Jamaal Lascelles\Jamaal-Lascelles,eng ENG,DF,Newcastle Utd,24,1993,30.5,0,10,1,10,0.33,0.03,0,0,0,0,0,0.5,0.5,0.05,-0.5,-0.5,Matches
260,Maxime Le Marchand\Maxime-Le-Marchand,fr FRA,DF,Fulham,28,1989,25,0,4,0,0,0.16,0,0,,0,0,0,0.2,0.2,0.06,-0.2,-0.2,Matches
261,Florian Lejeune\Florian-Lejeune,fr FRA,DF,Newcastle Utd,27,1991,11.7,0,6,2,33.3,0.51,0.17,0,0,0,0,0,0.4,0.4,0.07,-0.4,-0.4,Matches
262,Mario Lemina\Mario-Lemina,ga GAB,MF,Southampton,24,1993,17.9,1,27,4,14.8,1.51,0.22,0.04,0.25,0,0,0,1.2,1.2,0.04,-0.2,-0.2,Matches
263,Aaron Lennon\Aaron-Lennon,eng ENG,FWMF,Burnley,31,1987,13.5,1,4,2,50,0.3,0.15,0.25,0.5,0,0,0,0.4,0.4,0.11,0.6,0.6,Matches
264,Bernd Leno\Bernd-Leno,de GER,GK,Arsenal,26,1992,31.5,0,0,0,,0,0,,,0,0,0,0,0,,0,0,Matches
265,Jefferson Lerma\Jefferson-Lerma,co COL,MF,Bournemouth,23,1994,27.8,2,33,8,24.2,1.19,0.29,0.06,0.25,0,0,0,1.1,1.1,0.03,0.9,0.9,Matches
266,Stephan Lichtsteiner\Stephan-Lichtsteiner,ch SUI,DF,Arsenal,34,1984,10.4,0,1,0,0,0.1,0,0,,0,0,0,0,0,0.02,0,0,Matches
267,Victor Lindelöf\Victor-Lindelof,se SWE,DF,Manchester Utd,24,1994,28.9,1,7,1,14.3,0.24,0.03,0.14,1,0,0,0,0.6,0.6,0.09,0.4,0.4,Matches
268,Jesse Lingard\Jesse-Lingard,eng ENG,FWMF,Manchester Utd,25,1992,18.5,4,31,12,38.7,1.68,0.65,0.1,0.25,0,1,1,4.9,4.2,0.13,-0.9,-1.2,Matches
269,Fernando Llorente\Fernando-Llorente,es ESP,FW,Tottenham,33,1985,7.7,1,23,5,21.7,2.98,0.65,0.04,0.2,0,0,0,3,3,0.13,-2,-2,Matches
270,Hugo Lloris\Hugo-Lloris,fr FRA,GK,Tottenham,31,1986,33,0,0,0,,0,0,,,0,0,0,0,0,,0,0,Matches
271,Jürgen Locadia\Jurgen-Locadia,nl NED,FWMF,Brighton,24,1993,13.7,2,26,9,34.6,1.89,0.66,0.08,0.22,1,0,0,3.1,3.1,0.12,-1.1,-1.1,Matches
272,Ruben Loftus-Cheek\Ruben-Loftus-Cheek,eng ENG,MFFW,Chelsea,22,1996,11.1,6,27,8,29.6,2.43,0.72,0.22,0.75,0,0,0,2.9,2.9,0.11,3.1,3.1,Matches
273,Kevin Long\Kevin-Long,ie IRL,DF,Burnley,27,1990,5.7,0,1,0,0,0.18,0,0,,0,0,0,0.1,0.1,0.08,-0.1,-0.1,Matches
274,Shane Long\Shane-Long,ie IRL,FWMF,Southampton,31,1987,14.1,5,30,9,30,2.12,0.64,0.17,0.56,0,0,0,4.6,4.6,0.17,0.4,0.4,Matches
275,Sean Longstaff\Sean-Longstaff,eng ENG,MF,Newcastle Utd,20,1997,7.6,1,8,2,25,1.05,0.26,0.13,0.5,0,0,0,0.4,0.4,0.05,0.6,0.6,Matches
276,Ademola Lookman\Ademola-Lookman,eng ENG,FWMF,Everton,20,1997,6.9,0,12,3,25,1.75,0.44,0,0,0,0,0,1.2,1.2,0.1,-1.2,-1.2,Matches
277,Jonas Lössl\Jonas-Lossl,dk DEN,GK,Huddersfield,29,1989,30.9,0,0,0,,0,0,,,0,0,0,0,0,,0,0,Matches
278,Dejan Lovren\Dejan-Lovren,hr CRO,DF,Liverpool,29,1989,11,1,6,1,16.7,0.55,0.09,0.17,1,0,0,0,0.7,0.7,0.12,0.3,0.3,Matches
279,Chris Löwe\Chris-Lowe,de GER,DFMF,Huddersfield,29,1989,22.9,0,18,6,33.3,0.79,0.26,0,0,1,0,0,0.5,0.5,0.03,-0.5,-0.5,Matches
280,Matthew Lowton\Matthew-Lowton,eng ENG,DF,Burnley,29,1989,19.4,0,5,0,0,0.26,0,0,,0,0,0,0.5,0.5,0.09,-0.5,-0.5,Matches
281,David Luiz\David-Luiz,br BRA,DF,Chelsea,31,1987,36,3,33,8,24.2,0.92,0.22,0.09,0.38,9,0,0,1.9,1.9,0.06,1.1,1.1,Matches
282,Romelu Lukaku\Romelu-Lukaku,be BEL,FW,Manchester Utd,25,1993,23.7,12,59,33,55.9,2.49,1.39,0.2,0.36,0,0,0,11.1,11.1,0.19,0.9,0.9,Matches
283,James Maddison\James-Maddison,eng ENG,MFFW,Leicester City,21,1996,31.5,7,82,27,32.9,2.61,0.86,0.07,0.22,14,1,2,7.4,5.9,0.07,-0.4,0.1,Matches
284,Gary Madine\Gary-Madine,eng ENG,FWMF,Cardiff City,27,1990,0.4,0,0,0,,0,0,,,0,0,0,0,0,,0,0,Matches
285,Harry Maguire\Harry-Maguire,eng ENG,DF,Leicester City,25,1993,28.8,3,29,11,37.9,1.01,0.38,0.1,0.27,0,0,0,1.5,1.5,0.05,1.5,1.5,Matches
286,Riyad Mahrez\Riyad-Mahrez,dz ALG,FWMF,Manchester City,27,1991,14.9,7,54,24,44.4,3.62,1.61,0.13,0.29,1,0,1,5.6,4.8,0.09,1.4,2.2,Matches
287,Ainsley Maitland-Niles\Ainsley-Maitland-Niles,eng ENG,DF,Arsenal,20,1997,11,1,6,3,50,0.55,0.27,0.17,0.33,0,0,0,0.9,0.9,0.15,0.1,0.1,Matches
288,Sadio Mané\Sadio-Mane,sn SEN,FW,Liverpool,26,1992,34.2,22,88,42,47.7,2.57,1.23,0.25,0.52,0,0,0,16.1,16.1,0.18,5.9,5.9,Matches
289,Javier Manquillo\Javier-Manquillo,es ESP,DF,Newcastle Utd,24,1994,12.2,0,2,1,50,0.16,0.08,0,0,0,0,0,0.1,0.1,0.03,-0.1,-0.1,Matches
290,Solly March\Solly-March,eng ENG,FWMF,Brighton,24,1994,27.4,1,42,9,21.4,1.53,0.33,0.02,0.11,3,0,0,2.6,2.6,0.06,-1.6,-1.6,Matches
291,Adrian Mariappa\Adrian-Mariappa,jm JAM,DF,Watford,31,1986,21.4,0,5,1,20,0.23,0.05,0,0,0,0,0,0.8,0.8,0.17,-0.8,-0.8,Matches
292,Lazar Markovi?\Lazar-Markovic,rs SRB,FW,Fulham,24,1994,0.5,0,0,0,,0,0,,,0,0,0,0,0,,0,0,Matches
293,Anthony Martial\Anthony-Martial,fr FRA,FW,Manchester Utd,22,1995,18,10,37,22,59.5,2.05,1.22,0.24,0.41,0,1,1,6.1,5.4,0.15,3.9,3.6,Matches
294,Adam Masina\Adam-Masina,it ITA,DF,Watford,24,1994,11.2,0,3,0,0,0.27,0,0,,0,0,0,0.1,0.1,0.02,-0.1,-0.1,Matches
295,Arthur Masuaku\Arthur-Masuaku,cd COD,DF,West Ham,24,1993,19.5,0,4,1,25,0.2,0.05,0,0,0,0,0,0.1,0.1,0.02,-0.1,-0.1,Matches
296,Juan Mata\Juan-Mata,es ESP,FWMF,Manchester Utd,30,1988,14.3,3,19,6,31.6,1.33,0.42,0.16,0.5,3,0,0,1.5,1.5,0.08,1.5,1.5,Matches
297,Nemanja Mati?\Nemanja-Matic,rs SRB,MF,Manchester Utd,29,1988,27.1,1,12,3,25,0.44,0.11,0.08,0.33,0,0,0,1.4,1.4,0.12,-0.4,-0.4,Matches
298,Joël Matip\Joel-Matip,cm CMR,DF,Liverpool,26,1991,17.1,1,8,2,25,0.47,0.12,0.13,0.5,0,0,0,0.5,0.5,0.07,0.5,0.5,Matches
299,Konstantinos Mavropanos\Konstantinos-Mavropanos,gr GRE,DF,Arsenal,20,1997,1.6,0,1,0,0,0.61,0,0,,0,0,0,0,0,0.05,0,0,Matches
300,Alfie Mawson\Alfie-Mawson,eng ENG,DF,Fulham,24,1994,12.6,0,2,1,50,0.16,0.08,0,0,0,0,0,0.1,0.1,0.07,-0.1,-0.1,Matches
301,Isaac Mbenza\Isaac-Mbenza,be BEL,FWMF,Huddersfield,22,1996,11,1,15,5,33.3,1.37,0.46,0.07,0.2,0,0,0,1.1,1.1,0.07,-0.1,-0.1,Matches
302,James McArthur\James-McArthur,sco SCO,MF,Crystal Palace,30,1987,34,3,34,8,23.5,1,0.24,0.09,0.38,0,0,0,5.4,5.4,0.16,-2.4,-2.4,Matches
303,Alex McCarthy\Alex-McCarthy,eng ENG,GK,Southampton,28,1989,25,0,0,0,,0,0,,,0,0,0,0,0,,0,0,Matches
304,James McCarthy\James-McCarthy,ie IRL,MF,Everton,27,1990,0.2,0,0,0,,0,0,,,0,0,0,0,0,,0,0,Matches
305,Kevin McDonald\Kevin-McDonald,sco SCO,MF,Fulham,29,1988,9.3,0,4,0,0,0.43,0,0,,0,0,0,0.1,0.1,0.03,-0.1,-0.1,Matches
306,Dwight McNeil\Dwight-McNeil,eng ENG,MFFW,Burnley,18,1999,17.7,3,28,6,21.4,1.58,0.34,0.11,0.5,4,0,0,1.8,1.8,0.06,1.2,1.2,Matches
307,Scott McTominay\Scott-McTominay,sco SCO,MFDF,Manchester Utd,21,1996,9.6,2,15,6,40,1.56,0.62,0.13,0.33,0,0,0,1,1,0.06,1,1,Matches
308,Ben Mee\Ben-Mee,eng ENG,DF,Burnley,28,1989,38,0,23,6,26.1,0.61,0.16,0,0,0,0,0,1.5,1.5,0.07,-1.5,-1.5,Matches
309,Nathaniel Mendez-Laing\Nathaniel-Mendez-Laing,eng ENG,MFFW,Cardiff City,26,1992,10.9,4,20,8,40,1.83,0.73,0.15,0.38,0,1,1,2.8,2.1,0.1,1.2,0.9,Matches
310,Benjamin Mendy\Benjamin-Mendy,fr FRA,DF,Manchester City,24,1994,10,0,7,2,28.6,0.7,0.2,0,0,0,0,0,0.2,0.2,0.03,-0.2,-0.2,Matches
311,Nampalys Mendy\Nampalys-Mendy,fr FRA,MF,Leicester City,26,1992,23.2,0,3,0,0,0.13,0,0,,0,0,0,0.1,0.1,0.03,-0.1,-0.1,Matches
312,Chris Mepham\Chris-Mepham,wal WAL,DF,Bournemouth,20,1997,9.4,0,2,0,0,0.21,0,0,,0,0,0,0,0,0.02,0,0,Matches
313,Max Meyer\Max-Meyer,de GER,MFFW,Crystal Palace,22,1995,15.7,1,35,6,17.1,2.22,0.38,0.03,0.17,0,0,0,2.2,2.2,0.06,-1.2,-1.2,Matches
314,Luka Milivojevi?\Luka-Milivojevic,rs SRB,MF,Crystal Palace,27,1991,38,12,47,13,27.7,1.24,0.34,0.04,0.15,16,10,11,11.1,2.7,0.06,0.9,-0.7,Matches
315,James Milner\James-Milner,eng ENG,MFDF,Liverpool,32,1986,19.9,5,21,4,19,1.06,0.2,0.1,0.5,1,3,3,3.9,1.7,0.08,1.1,0.3,Matches
316,Yerry Mina\Yerry-Mina,co COL,DF,Everton,23,1994,9.9,1,4,1,25,0.4,0.1,0.25,1,0,0,0,0.4,0.4,0.1,0.6,0.6,Matches
317,Tyrone Mings\Tyrone-Mings,eng ENG,DF,Bournemouth,25,1993,1.6,0,0,0,,0,0,,,0,0,0,0,0,,0,0,Matches
318,Aleksandar Mitrovi?\Aleksandar-Mitrovic,rs SRB,FW,Fulham,23,1994,36.4,11,122,42,34.4,3.35,1.15,0.08,0.24,2,1,1,14.6,13.9,0.11,-3.6,-3.9,Matches
319,Henrikh Mkhitaryan\Henrikh-Mkhitaryan,am ARM,FWMF,Arsenal,29,1989,18.2,6,50,14,28,2.74,0.77,0.12,0.43,1,0,0,4.6,4.6,0.09,1.4,1.4,Matches
320,Nacho Monreal\Nacho-Monreal,es ESP,DF,Arsenal,32,1986,20.7,1,9,4,44.4,0.44,0.19,0.11,0.25,0,0,0,1.3,1.3,0.15,-0.3,-0.3,Matches
321,Martín Montoya\Martin-Montoya,es ESP,DF,Brighton,27,1991,24.1,0,8,1,12.5,0.33,0.04,0,0,0,0,0,0.2,0.2,0.02,-0.2,-0.2,Matches
322,Aaron Mooy\Aaron-Mooy,au AUS,MFFW,Huddersfield,27,1990,25.9,3,39,13,33.3,1.51,0.5,0.05,0.15,8,1,1,2.4,1.6,0.04,0.6,0.4,Matches
323,Álvaro Morata\Alvaro-Morata,es ESP,FW,Chelsea,25,1992,10.5,5,35,16,45.7,3.35,1.53,0.14,0.31,0,0,0,6.3,6.3,0.18,-1.3,-1.3,Matches
324,Alberto Moreno\Alberto-Moreno,es ESP,DF,Liverpool,26,1992,1.7,0,1,0,0,0.58,0,0,,0,0,0,0,0,0.02,0,0,Matches
325,Wes Morgan\Wes-Morgan,jm JAM,DF,Leicester City,34,1984,21.4,3,14,5,35.7,0.65,0.23,0.21,0.6,0,0,0,1.9,1.9,0.14,1.1,1.1,Matches
326,Sean Morrison\Sean-Morrison,eng ENG,DF,Cardiff City,27,1991,33.8,1,33,7,21.2,0.98,0.21,0.03,0.14,0,0,0,4.2,4.2,0.13,-3.2,-3.2,Matches
327,Victor Moses\Victor-Moses,ng NGA,FW,Chelsea,27,1990,0.3,0,0,0,,0,0,,,0,0,0,0,0,,0,0,Matches
328,Steve Mounié\Steve-Mounie,bj BEN,FW,Huddersfield,23,1994,19.8,2,63,24,38.1,3.19,1.21,0.03,0.08,0,0,0,5.3,5.3,0.08,-3.3,-3.3,Matches
329,Lucas Moura\Lucas-Moura,br BRA,FWMF,Tottenham,25,1992,23.6,10,45,20,44.4,1.91,0.85,0.22,0.5,0,0,0,5.4,5.4,0.12,4.6,4.6,Matches
330,Lys Mousset\Lys-Mousset,fr FRA,FWMF,Bournemouth,22,1996,4.1,1,13,7,53.8,3.18,1.71,0.08,0.14,0,0,0,1.7,1.7,0.13,-0.7,-0.7,Matches
331,João Moutinho\Joao-Moutinho,pt POR,MF,Wolves,31,1986,33.7,1,18,3,16.7,0.53,0.09,0.06,0.33,1,0,0,0.6,0.6,0.03,0.4,0.4,Matches
332,Jacob Murphy\Jacob-Murphy,eng ENG,MFFW,Newcastle Utd,23,1995,3.4,0,2,1,50,0.6,0.3,0,0,0,0,0,0,0,0.02,0,0,Matches
333,Josh Murphy\Josh-Murphy,eng ENG,FWMF,Cardiff City,23,1995,20.2,3,45,15,33.3,2.23,0.74,0.07,0.2,3,0,0,3.4,3.4,0.08,-0.4,-0.4,Matches
334,Glenn Murray\Glenn-Murray,eng ENG,FW,Brighton,34,1983,27.9,13,51,16,31.4,1.83,0.57,0.18,0.56,0,4,4,10.4,7.4,0.15,2.6,1.6,Matches
335,Shkodran Mustafi\Shkodran-Mustafi,de GER,DF,Arsenal,26,1992,29,2,19,9,47.4,0.65,0.31,0.11,0.22,0,0,0,1.3,1.3,0.07,0.7,0.7,Matches
336,Yoshinori Mut?\Yoshinori-Muto,jp JPN,FW,Newcastle Utd,26,1992,5.8,1,5,3,60,0.86,0.52,0.2,0.33,0,0,0,0.8,0.8,0.16,0.2,0.2,Matches
337,Georges-Kévin N'Koudou\Georges-Kevin-NKoudou,fr FRA,FW,Tottenham,23,1995,0.1,0,0,0,,0,0,,,0,0,0,0,0,,0,0,Matches
338,Samir Nasri\Samir-Nasri,fr FRA,MF,West Ham,31,1987,2.7,0,3,0,0,1.1,0,0,,0,0,0,0.2,0.2,0.08,-0.2,-0.2,Matches
339,Marc Navarro\Marc-Navarro,es ESP,DF,Watford,23,1995,0.9,0,0,0,,0,0,,,0,0,0,0,0,,0,0,Matches
340,Wilfred Ndidi\Wilfred-Ndidi,ng NGA,MF,Leicester City,21,1996,36.6,2,56,9,16.1,1.53,0.25,0.04,0.22,0,0,0,3.3,3.3,0.06,-1.3,-1.3,Matches
341,Rúben Neves\Ruben-Neves,pt POR,MF,Wolves,21,1997,33.4,4,71,15,21.1,2.13,0.45,0.03,0.13,11,2,2,3.6,2.1,0.03,0.4,-0.1,Matches
342,Oumar Niasse\Oumar-Niasse,sn SEN,FWMF,Everton,28,1990,0.7,0,3,1,33.3,4.29,1.43,0,0,0,0,0,0.5,0.5,0.16,-0.5,-0.5,Matches
343,Oumar Niasse\Oumar-Niasse,sn SEN,FW,Cardiff City,28,1990,10.3,0,17,6,35.3,1.64,0.58,0,0,0,0,0,2.9,2.9,0.17,-2.9,-2.9,Matches
344,Eddie Nketiah\Eddie-Nketiah,eng ENG,MFFW,Arsenal,19,1999,0.7,1,3,1,33.3,4.03,1.34,0.33,1,0,0,0,0.2,0.2,0.06,0.8,0.8,Matches
345,Mark Noble\Mark-Noble,eng ENG,MF,West Ham,31,1987,25.5,5,13,5,38.5,0.51,0.2,0.08,0.2,0,4,4,3.8,0.7,0.06,1.2,0.3,Matches
346,Håvard Nordtveit\Havard-Nordtveit,no NOR,DF,Fulham,28,1990,4,0,0,0,,0,0,,,0,0,0,0,0,,0,0,Matches
347,Will Norris\Will-Norris,eng ENG,GK,Wolves,24,1993,0,0,0,0,,0,0,,,0,0,0,0,0,,0,0,Matches
348,Michael Obafemi\Michael-Obafemi,ie IRL,FW,Southampton,18,2000,1.5,1,8,2,25,5.26,1.31,0.13,0.5,0,0,0,1.8,1.8,0.23,-0.8,-0.8,Matches
349,Pedro Obiang\Pedro-Obiang,gq EQG,MF,West Ham,26,1992,12.5,0,16,1,6.3,1.28,0.08,0,0,0,0,0,0.7,0.7,0.04,-0.7,-0.7,Matches
350,Denis Odoi\Denis-Odoi,be BEL,DF,Fulham,30,1988,28.8,0,10,1,10,0.35,0.03,0,0,0,0,0,0.8,0.8,0.08,-0.8,-0.8,Matches
351,Angelo Ogbonna\Angelo-Ogbonna,it ITA,DF,West Ham,30,1988,20.8,1,13,5,38.5,0.62,0.24,0.08,0.2,0,0,0,1.3,1.3,0.1,-0.3,-0.3,Matches
352,Stefano Okaka\Stefano-Okaka,it ITA,FW,Watford,28,1989,0.3,0,2,0,0,7.5,0,0,,0,0,0,0.4,0.4,0.21,-0.4,-0.4,Matches
353,Shinji Okazaki\Shinji-Okazaki,jp JPN,FWMF,Leicester City,32,1986,3.2,0,4,3,75,1.25,0.94,0,0,0,0,0,0.3,0.3,0.08,-0.3,-0.3,Matches
354,Divock Origi\Divock-Origi,be BEL,FW,Liverpool,23,1995,4.1,3,13,6,46.2,3.15,1.46,0.23,0.5,1,0,0,2,2,0.16,1,1,Matches
355,Nicolás Otamendi\Nicolas-Otamendi,ar ARG,DF,Manchester City,30,1988,13.7,0,14,3,21.4,1.02,0.22,0,0,0,0,0,1.2,1.2,0.09,-1.2,-1.2,Matches
356,Alex Oxlade-Chamberlain\Alex-Oxlade-Chamberlain,eng ENG,MFFW,Liverpool,24,1993,0.2,0,1,1,100,4.29,4.29,0,0,0,0,0,0.3,0.3,0.3,-0.3,-0.3,Matches
357,Mesut Özil\Mesut-Ozil,de GER,MFFW,Arsenal,29,1988,19.3,5,11,6,54.5,0.57,0.31,0.45,0.83,0,0,0,1.6,1.6,0.15,3.4,3.4,Matches
358,Emerson Palmieri\Emerson-Palmieri,it ITA,DF,Chelsea,23,1994,7.4,0,5,1,20,0.68,0.14,0,0,2,0,0,0.2,0.2,0.05,-0.2,-0.2,Matches
359,Sokratis Papastathopoulos\Sokratis-Papastathopoulos,gr GRE,DF,Arsenal,30,1988,24.4,1,10,1,10,0.41,0.04,0.1,1,0,0,0,0.8,0.8,0.08,0.2,0.2,Matches
360,Callum Paterson\Callum-Paterson,sco SCO,FWMF,Cardiff City,23,1994,22.2,4,39,7,17.9,1.76,0.32,0.08,0.43,0,1,1,5.4,4.6,0.12,-1.4,-0.6,Matches
361,Rui Patrício\Rui-Patricio,pt POR,GK,Wolves,30,1988,37,0,0,0,,0,0,,,0,0,0,0,0,,0,0,Matches
362,Pedro\Pedro,es ESP,FW,Chelsea,31,1987,19.8,8,58,24,41.4,2.94,1.21,0.14,0.33,0,0,0,6.9,6.9,0.12,1.1,1.1,Matches
363,Lee Peltier\Lee-Peltier,eng ENG,DF,Cardiff City,31,1986,17.2,0,1,1,100,0.06,0.06,0,0,0,0,0,0.1,0.1,0.05,-0.1,-0.1,Matches
364,Andreas Pereira\Andreas-Pereira,br BRA,MF,Manchester Utd,22,1996,6.7,1,8,2,25,1.2,0.3,0.13,0.5,1,0,0,0.3,0.3,0.03,0.7,0.7,Matches
365,Ricardo Pereira\Ricardo-Pereira,pt POR,DFFW,Leicester City,24,1993,34.7,2,26,9,34.6,0.75,0.26,0.08,0.22,0,0,0,1.5,1.5,0.06,0.5,0.5,Matches
366,Roberto Pereyra\Roberto-Pereyra,ar ARG,FWMF,Watford,27,1991,31.3,6,56,21,37.5,1.79,0.67,0.11,0.29,6,0,0,5.1,5.1,0.09,0.9,0.9,Matches
367,Ayoze Pérez\Ayoze-Perez,es ESP,FWMF,Newcastle Utd,25,1993,32.4,12,53,26,49.1,1.64,0.8,0.23,0.46,0,0,0,7.5,7.5,0.14,4.5,4.5,Matches
368,Lucas Pérez\Lucas-Perez,es ESP,FW,West Ham,29,1988,5.3,3,9,3,33.3,1.71,0.57,0.33,1,0,0,0,1.9,1.9,0.21,1.1,1.1,Matches
369,Jordan Pickford\Jordan-Pickford,eng ENG,GK,Everton,24,1994,38,0,0,0,,0,0,,,0,0,0,0,0,,0,0,Matches
370,Paul Pogba\Paul-Pogba,fr FRA,MF,Manchester Utd,25,1993,33.4,13,96,38,39.6,2.87,1.14,0.06,0.16,6,7,10,14.5,6.8,0.07,-1.5,-0.8,Matches
371,Alex Pritchard\Alex-Pritchard,eng ENG,MFFW,Huddersfield,25,1993,23.1,2,48,14,29.2,2.08,0.61,0.04,0.14,1,0,0,3.4,3.4,0.07,-1.4,-1.4,Matches
372,Sebastian Prödl\Sebastian-Prodl,at AUT,DF,Watford,31,1987,0.1,0,0,0,,0,0,,,0,0,0,0,0,,0,0,Matches
373,Davy Pröpper\Davy-Propper,nl NED,MF,Brighton,26,1991,28.3,1,15,2,13.3,0.53,0.07,0.07,0.5,0,0,0,1.1,1.1,0.08,-0.1,-0.1,Matches
374,Jason Puncheon\Jason-Puncheon,eng ENG,MF,Crystal Palace,32,1986,0.1,0,0,0,,0,0,,,0,0,0,0,0,,0,0,Matches
375,Jason Puncheon\Jason-Puncheon,eng ENG,MFFW,Huddersfield,32,1986,4.2,0,6,0,0,1.41,0,0,,0,0,0,0.7,0.7,0.11,-0.7,-0.7,Matches
376,Collin Quaner\Collin-Quaner,de GER,FWMF,Huddersfield,27,1991,0.4,0,0,0,,0,0,,,0,0,0,0,0,,0,0,Matches
377,Domingos Quina\Domingos-Quina,pt POR,MF,Watford,18,1999,3.8,1,5,1,20,1.33,0.27,0.2,1,0,0,0,0.2,0.2,0.03,0.8,0.8,Matches
378,Joe Ralls\Joe-Ralls,eng ENG,MF,Cardiff City,24,1993,21.8,0,22,2,9.1,1.01,0.09,0,0,0,0,1,1.6,0.8,0.04,-1.6,-0.8,Matches
379,Aaron Ramsey\Aaron-Ramsey,wal WAL,MFFW,Arsenal,27,1990,14.8,4,33,12,36.4,2.23,0.81,0.12,0.33,0,0,0,3.2,3.2,0.1,0.8,0.8,Matches
380,Kayne Ramsey\Kayne-Ramsey,eng ENG,DF,Southampton,17,2000,1,0,0,0,,0,0,,,0,0,0,0,0,,0,0,Matches
381,Marcus Rashford\Marcus-Rashford,eng ENG,FW,Manchester Utd,20,1997,25.9,10,83,40,48.2,3.2,1.54,0.12,0.25,12,0,0,9.4,9.4,0.11,0.6,0.6,Matches
382,Tim Ream\Tim-Ream,us USA,DF,Fulham,30,1987,22.7,0,1,0,0,0.04,0,0,,0,0,0,0,0,0.02,0,0,Matches
383,Nathan Redmond\Nathan-Redmond,eng ENG,FWMF,Southampton,24,1994,36.3,6,74,22,29.7,2.04,0.61,0.08,0.27,3,0,0,6.3,6.3,0.09,-0.3,-0.3,Matches
384,Bobby Reid\Bobby-Reid,jm JAM,FWMF,Cardiff City,25,1993,15.8,5,25,7,28,1.58,0.44,0.16,0.57,1,1,1,4.4,3.7,0.15,0.6,0.3,Matches
385,Declan Rice\Declan-Rice,eng ENG,MF,West Ham,19,1999,33.4,2,24,5,20.8,0.72,0.15,0.08,0.4,0,0,0,1.4,1.4,0.06,0.6,0.6,Matches
386,Jazz Richards\Jazz-Richards,wal WAL,DFMF,Cardiff City,27,1991,1.5,0,0,0,,0,0,,,0,0,0,0,0,,0,0,Matches
387,Richarlison\Richarlison,br BRA,FWMF,Everton,21,1997,29.6,13,87,27,31,2.94,0.91,0.15,0.48,1,0,0,9,9,0.1,4,4,Matches
388,Diego Rico\Diego-Rico,es ESP,DFMF,Bournemouth,25,1993,6.8,0,9,0,0,1.32,0,0,,1,0,0,0.2,0.2,0.02,-0.2,-0.2,Matches
389,Sergio Rico\Sergio-Rico,es ESP,GK,Fulham,24,1993,29,0,0,0,,0,0,,,0,0,0,0,0,,0,0,Matches
390,Matt Ritchie\Matt-Ritchie,sco SCO,DFMF,Newcastle Utd,28,1989,32.5,2,39,7,17.9,1.2,0.22,0.03,0.14,0,1,2,5,3.5,0.09,-3,-2.5,Matches
391,Andrew Robertson\Andrew-Robertson,sco SCO,DF,Liverpool,24,1994,35.7,0,14,5,35.7,0.39,0.14,0,0,0,0,0,0.9,0.9,0.06,-0.9,-0.9,Matches
392,Marcos Rojo\Marcos-Rojo,ar ARG,DF,Manchester Utd,28,1990,2.4,0,6,3,50,2.55,1.27,0,0,1,0,0,0.3,0.3,0.04,-0.3,-0.3,Matches
393,Oriol Romeu\Oriol-Romeu,es ESP,MF,Southampton,26,1991,23.7,1,10,4,40,0.42,0.17,0.1,0.25,0,0,0,0.8,0.8,0.08,0.2,0.2,Matches
394,Salomón Rondón\Salomon-Rondon,ve VEN,FW,Newcastle Utd,28,1989,28.9,11,89,29,32.6,3.08,1,0.12,0.38,9,0,0,11,11,0.13,0,0,Matches
395,Danny Rose\Danny-Rose,eng ENG,DFMF,Tottenham,28,1990,20,0,15,2,13.3,0.75,0.1,0,0,0,0,0,0.7,0.7,0.05,-0.7,-0.7,Matches
396,Aaron Rowe\Aaron-Rowe,eng ENG,FW,Huddersfield,17,2000,0.8,0,0,0,,0,0,,,0,0,0,0,0,,0,0,Matches
397,John Ruddy\John-Ruddy,eng ENG,GK,Wolves,31,1986,1,0,0,0,,0,0,,,0,0,0,0,0,,0,0,Matches
398,Antonio Rüdiger\Antonio-Rudiger,de GER,DF,Chelsea,25,1993,31.9,1,28,7,25,0.88,0.22,0.04,0.14,0,0,0,2,2,0.07,-1,-1,Matches
399,Mathew Ryan\Mathew-Ryan,au AUS,GK,Brighton,26,1992,34,0,0,0,,0,0,,,0,0,0,0,0,,0,0,Matches
400,Abdelhamid Sabiri\Abdelhamid-Sabiri,de GER,FW,Huddersfield,21,1996,0.5,0,0,0,,0,0,,,0,0,0,0,0,,0,0,Matches
401,Romain Saïss\Romain-Saiss,ma MAR,MFDF,Wolves,28,1990,12.8,2,11,5,45.5,0.86,0.39,0.18,0.4,0,0,0,1.5,1.5,0.14,0.5,0.5,Matches
402,Bukayo Saka\Bukayo-Saka,eng ENG,FW,Arsenal,16,2001,0.1,0,0,0,,0,0,,,0,0,0,0,0,,0,0,Matches
403,Mamadou Sakho\Mamadou-Sakho,fr FRA,DF,Crystal Palace,28,1990,26.8,0,5,0,0,0.19,0,0,,0,0,0,0.8,0.8,0.17,-0.8,-0.8,Matches
404,Bakary Sako\Bakary-Sako,ml MLI,FWMF,Crystal Palace,30,1988,0.3,0,0,0,,0,0,,,0,0,0,0,0,,0,0,Matches
405,Mohamed Salah\Mohamed-Salah,eg EGY,FW,Liverpool,26,1992,36.1,22,135,60,44.4,3.74,1.66,0.14,0.32,3,3,3,19.1,16.8,0.12,2.9,2.2,Matches
406,Alexis Sánchez\Alexis-Sanchez,cl CHI,FWMF,Manchester Utd,29,1988,9.8,1,18,9,50,1.84,0.92,0.06,0.11,2,0,0,1.5,1.5,0.08,-0.5,-0.5,Matches
407,Carlos Sánchez\Carlos-Sanchez,co COL,MF,West Ham,32,1986,2.7,0,3,0,0,1.1,0,0,,0,0,0,0.1,0.1,0.02,-0.1,-0.1,Matches
408,Davinson Sánchez\Davinson-Sanchez,co COL,DF,Tottenham,22,1996,21.6,1,12,3,25,0.56,0.14,0.08,0.33,0,0,0,1.2,1.2,0.1,-0.2,-0.2,Matches
409,Leroy Sané\Leroy-Sane,de GER,FW,Manchester City,22,1996,20.7,10,56,24,42.9,2.7,1.16,0.18,0.42,5,0,0,6,6,0.11,4,4,Matches
410,Fabian Schär\Fabian-Schar,ch SUI,DF,Newcastle Utd,26,1991,22.2,4,23,7,30.4,1.04,0.32,0.17,0.57,1,0,0,1.7,1.7,0.07,2.3,2.3,Matches
411,Christopher Schindler\Christopher-Schindler,de GER,DF,Huddersfield,28,1990,36.2,1,14,3,21.4,0.39,0.08,0.07,0.33,0,0,0,1.4,1.4,0.1,-0.4,-0.4,Matches
412,Jeffrey Schlupp\Jeffrey-Schlupp,gh GHA,MFFW,Crystal Palace,25,1992,18.6,4,29,9,31,1.56,0.49,0.14,0.44,0,0,0,3,3,0.1,1,1,Matches
413,Kasper Schmeichel\Kasper-Schmeichel,dk DEN,GK,Leicester City,31,1986,38,0,1,0,0,0.03,0,0,,0,0,0,0.1,0.1,0.05,-0.1,-0.1,Matches
414,Morgan Schneiderlin\Morgan-Schneiderlin,fr FRA,MF,Everton,28,1989,9.3,0,3,0,0,0.32,0,0,,0,0,0,0.1,0.1,0.05,-0.1,-0.1,Matches
415,André Schürrle\Andre-Schurrle,de GER,FWMF,Fulham,27,1990,18.2,6,56,17,30.4,3.07,0.93,0.11,0.35,4,0,0,3.4,3.4,0.06,2.6,2.6,Matches
416,Ken Sema\Ken-Sema,se SWE,FWMF,Watford,24,1993,8.4,1,10,3,30,1.19,0.36,0.1,0.33,0,0,0,0.8,0.8,0.08,0.2,0.2,Matches
417,Jean Seri\Jean-Seri,ci CIV,MF,Fulham,27,1991,24.9,1,18,6,33.3,0.72,0.24,0.06,0.17,3,0,0,1.1,1.1,0.06,-0.1,-0.1,Matches
418,Ryan Sessegnon\Ryan-Sessegnon,eng ENG,FWDF,Fulham,18,2000,25.6,2,28,10,35.7,1.1,0.39,0.07,0.2,0,0,0,3.2,3.2,0.11,-1.2,-1.2,Matches
419,Xherdan Shaqiri\Xherdan-Shaqiri,ch SUI,FWMF,Liverpool,26,1991,11.8,6,26,10,38.5,2.2,0.85,0.23,0.6,5,0,0,3.7,3.7,0.14,2.3,2.3,Matches
420,Luke Shaw\Luke-Shaw,eng ENG,DF,Manchester Utd,23,1995,28.8,1,20,6,30,0.69,0.21,0.05,0.17,0,0,0,1,1,0.05,0,0,Matches
421,Jonjo Shelvey\Jonjo-Shelvey,eng ENG,MF,Newcastle Utd,26,1992,10.5,1,24,8,33.3,2.28,0.76,0.04,0.13,5,0,0,1,1,0.04,0,0,Matches
422,Gylfi Sigurðsson\Gylfi-Sigurdsson,is ISL,MF,Everton,28,1989,34.6,13,81,29,35.8,2.34,0.84,0.14,0.38,7,2,5,10.8,6.9,0.08,2.2,4.1,Matches
423,Adrien Silva\Adrien-Silva,pt POR,MF,Leicester City,29,1989,1,0,0,0,,0,0,,,0,0,0,0,0,,0,0,Matches
424,Bernardo Silva\Bernardo-Silva,pt POR,MFFW,Manchester City,23,1994,31.7,7,64,22,34.4,2.02,0.69,0.11,0.32,0,0,0,6.5,6.5,0.1,0.5,0.5,Matches
425,David Silva\David-Silva,es ESP,MF,Manchester City,32,1986,26.7,6,50,18,36,1.87,0.67,0.12,0.33,4,0,0,6.9,6.9,0.14,-0.9,-0.9,Matches
426,Xande Silva\Xande-Silva,pt POR,FW,West Ham,21,1997,0.2,0,2,0,0,10,0,0,,0,0,0,0.1,0.1,0.03,-0.1,-0.1,Matches
427,Danny Simpson\Danny-Simpson,eng ENG,DF,Leicester City,31,1987,3.2,0,0,0,,0,0,,,0,0,0,0,0,,0,0,Matches
428,Jack Simpson\Jack-Simpson,eng ENG,DF,Bournemouth,21,1997,4.5,0,2,1,50,0.45,0.22,0,0,0,0,0,0.1,0.1,0.06,-0.1,-0.1,Matches
429,Josh Sims\Josh-Sims,eng ENG,FWMF,Southampton,21,1997,2.4,0,5,1,20,2.12,0.42,0,0,0,0,0,0.6,0.6,0.12,-0.6,-0.6,Matches
430,Moussa Sissoko\Moussa-Sissoko,fr FRA,MF,Tottenham,28,1989,25.9,0,15,3,20,0.58,0.12,0,0,0,0,0,1.2,1.2,0.08,-1.2,-1.2,Matches
431,Oliver Skipp\Oliver-Skipp,eng ENG,MFFW,Tottenham,17,2000,2.4,0,2,0,0,0.82,0,0,,0,0,0,0.1,0.1,0.03,-0.1,-0.1,Matches
432,Callum Slattery\Callum-Slattery,eng ENG,MF,Southampton,19,1999,1.2,0,2,0,0,1.61,0,0,,0,0,0,0.2,0.2,0.09,-0.2,-0.2,Matches
433,Chris Smalling\Chris-Smalling,eng ENG,DF,Manchester Utd,28,1989,23.6,1,12,4,33.3,0.51,0.17,0.08,0.25,0,0,0,1.1,1.1,0.09,-0.1,-0.1,Matches
434,Adam Smith\Adam-Smith,eng ENG,DF,Bournemouth,27,1991,23,1,8,1,12.5,0.35,0.04,0.13,1,0,0,0,0.4,0.4,0.05,0.6,0.6,Matches
435,Tommy Smith\Tommy-Smith,eng ENG,DF,Huddersfield,26,1992,12.7,0,2,0,0,0.16,0,0,,0,0,0,0,0,0.02,0,0,Matches
436,Robert Snodgrass\Robert-Snodgrass,sco SCO,MFFW,West Ham,30,1987,24.7,2,31,8,25.8,1.26,0.32,0.06,0.25,4,0,0,2.3,2.3,0.07,-0.3,-0.3,Matches
437,Cédric Soares\Cedric-Soares,pt POR,DF,Southampton,26,1991,16.6,1,10,3,30,0.6,0.18,0.1,0.33,1,0,0,0.3,0.3,0.03,0.7,0.7,Matches
438,Ramadan Sobhi\Ramadan-Sobhi,eg EGY,FW,Huddersfield,21,1997,0.9,0,0,0,,0,0,,,0,0,0,0,0,,0,0,Matches
439,Dominic Solanke\Dominic-Solanke,eng ENG,FW,Bournemouth,20,1997,3.9,0,9,3,33.3,2.33,0.78,0,0,0,0,0,0.9,0.9,0.1,-0.9,-0.9,Matches
440,Pape Souaré\Pape-Souare,sn SEN,DF,Crystal Palace,28,1990,0,0,0,0,,0,0,,,0,0,0,0,0,,0,0,Matches
441,Ça?lar Söyüncü\Caglar-Soyuncu,tr TUR,DF,Leicester City,22,1996,4.1,0,2,1,50,0.48,0.24,0,0,0,0,0,0.1,0.1,0.06,-0.1,-0.1,Matches
442,Julián Speroni\Julian-Speroni,ar ARG,GK,Crystal Palace,39,1979,1,0,0,0,,0,0,,,0,0,0,0,0,,0,0,Matches
443,Junior Stanislas\Junior-Stanislas,eng ENG,MFFW,Bournemouth,28,1989,11.5,2,33,9,27.3,2.88,0.79,0.03,0.11,10,1,1,3.9,3.1,0.1,-1.9,-2.1,Matches
444,Dale Stephens\Dale-Stephens,eng ENG,MF,Brighton,29,1989,27.6,1,10,2,20,0.36,0.07,0.1,0.5,0,0,0,0.3,0.3,0.03,0.7,0.7,Matches
445,Jack Stephens\Jack-Stephens,eng ENG,DF,Southampton,24,1994,18.9,1,7,5,71.4,0.37,0.26,0.14,0.2,0,0,0,0.7,0.7,0.1,0.3,0.3,Matches
446,Raheem Sterling\Raheem-Sterling,eng ENG,FW,Manchester City,23,1994,30.8,17,76,37,48.7,2.47,1.2,0.22,0.46,1,0,0,13.1,13.1,0.17,3.9,3.9,Matches
447,John Stones\John-Stones,eng ENG,DF,Manchester City,24,1994,19.6,0,5,1,20,0.26,0.05,0,0,0,0,0,0.2,0.2,0.04,-0.2,-0.2,Matches
448,Daniel Sturridge\Daniel-Sturridge,eng ENG,FWMF,Liverpool,28,1989,5.7,2,18,6,33.3,3.18,1.06,0.11,0.33,0,0,0,1.2,1.2,0.07,0.8,0.8,Matches
449,Denis Suárez\Denis-Suarez,es ESP,FW,Arsenal,24,1994,0.8,0,0,0,,0,0,,,0,0,0,0,0,,0,0,Matches
450,Isaac Success\Isaac-Success,ng NGA,FWMF,Watford,22,1996,11.7,1,28,11,39.3,2.4,0.94,0.04,0.09,0,0,0,2.7,2.7,0.1,-1.7,-1.7,Matches
451,Ki Sung-yueng\Ki-Sung-yueng,kr KOR,MF,Newcastle Utd,29,1989,14.5,0,9,2,22.2,0.62,0.14,0,0,1,0,0,0.2,0.2,0.02,-0.2,-0.2,Matches
452,Andrew Surman\Andrew-Surman,eng ENG,MF,Bournemouth,31,1986,16,0,9,1,11.1,0.56,0.06,0,0,0,0,0,0.3,0.3,0.03,-0.3,-0.3,Matches
453,Sam Surridge\Sam-Surridge,eng ENG,FWDF,Bournemouth,20,1998,0.1,0,2,1,50,13.85,6.92,0,0,0,0,0,0.4,0.4,0.2,-0.4,-0.4,Matches
454,Alexander Sørloth\Alexander-Sorloth,no NOR,FWMF,Crystal Palace,22,1995,2.1,0,4,2,50,1.95,0.97,0,0,0,0,0,0.2,0.2,0.06,-0.2,-0.2,Matches
455,Matt Targett\Matt-Targett,eng ENG,DFMF,Southampton,22,1995,13.2,1,11,3,27.3,0.83,0.23,0.09,0.33,1,0,0,0.6,0.6,0.05,0.4,0.4,Matches
456,James Tarkowski\James-Tarkowski,eng ENG,DF,Burnley,25,1992,34.3,3,24,8,33.3,0.7,0.23,0.13,0.38,0,0,0,3.6,3.6,0.16,-0.6,-0.6,Matches
457,Charlie Taylor\Charlie-Taylor,eng ENG,DF,Burnley,24,1993,36,0,6,0,0,0.17,0,0,,0,0,0,0.1,0.1,0.02,-0.1,-0.1,Matches
458,Youri Tielemans\Youri-Tielemans,be BEL,MF,Leicester City,21,1997,12.1,3,30,10,33.3,2.49,0.83,0.1,0.3,2,0,0,1.8,1.8,0.06,1.2,1.2,Matches
459,James Tomkins\James-Tomkins,eng ENG,DF,Crystal Palace,29,1989,28.4,1,23,7,30.4,0.81,0.25,0.04,0.14,0,0,0,1.3,1.3,0.05,-0.3,-0.3,Matches
460,Lucas Torreira\Lucas-Torreira,uy URU,MF,Arsenal,22,1996,26.5,2,24,6,25,0.91,0.23,0.08,0.33,2,0,0,1.7,1.7,0.07,0.3,0.3,Matches
461,Cenk Tosun\Cenk-Tosun,tr TUR,FW,Everton,27,1991,11.8,3,34,15,44.1,2.89,1.27,0.09,0.2,0,0,0,3.9,3.9,0.11,-0.9,-0.9,Matches
462,Andros Townsend\Andros-Townsend,eng ENG,FWMF,Crystal Palace,27,1991,33.4,6,62,17,27.4,1.85,0.51,0.1,0.35,0,0,0,4.9,4.9,0.08,1.1,1.1,Matches
463,Adama Traoré\Adama-Traore,es ESP,FWDF,Wolves,22,1996,10,1,19,7,36.8,1.9,0.7,0.05,0.14,0,0,0,1.2,1.2,0.06,-0.2,-0.2,Matches
464,Mark Travers\Mark-Travers,ie IRL,GK,Bournemouth,19,1999,2,0,0,0,,0,0,,,0,0,0,0,0,,0,0,Matches
465,Kieran Trippier\Kieran-Trippier,eng ENG,DF,Tottenham,27,1990,25.3,1,8,3,37.5,0.32,0.12,0.13,0.33,4,0,0,0.5,0.5,0.06,0.5,0.5,Matches
466,Antonio Valencia\Antonio-Valencia,ec ECU,DFMF,Manchester Utd,32,1985,5.2,0,2,0,0,0.39,0,0,,0,0,0,0.1,0.1,0.04,-0.1,-0.1,Matches
467,Yan Valery\Yan-Valery,fr FRA,DFMF,Southampton,19,1999,19,2,6,5,83.3,0.32,0.26,0.33,0.4,0,0,0,0.6,0.6,0.1,1.4,1.4,Matches
468,Jamie Vardy\Jamie-Vardy,eng ENG,FW,Leicester City,31,1987,30.3,18,75,32,42.7,2.48,1.06,0.19,0.44,0,4,5,17.5,13.7,0.19,0.5,0.3,Matches
469,Jan Vertonghen\Jan-Vertonghen,be BEL,DF,Tottenham,31,1987,21.2,1,16,2,12.5,0.75,0.09,0.06,0.5,0,0,0,1.5,1.5,0.09,-0.5,-0.5,Matches
470,Jannik Vestergaard\Jannik-Vestergaard,dk DEN,DF,Southampton,25,1992,22.5,0,13,1,7.7,0.58,0.04,0,0,1,0,0,0.5,0.5,0.04,-0.5,-0.5,Matches
471,Luciano Vietto\Luciano-Vietto,ar ARG,FWMF,Fulham,24,1993,11,1,24,8,33.3,2.19,0.73,0.04,0.13,0,0,0,2.1,2.1,0.09,-1.1,-1.1,Matches
472,Rúben Vinagre\Ruben-Vinagre,pt POR,DFMF,Wolves,19,1999,7.9,0,5,4,80,0.63,0.51,0,0,0,0,0,0.3,0.3,0.06,-0.3,-0.3,Matches
473,Sam Vokes\Sam-Vokes,wal WAL,FW,Burnley,28,1989,10.2,3,23,7,30.4,2.26,0.69,0.13,0.43,0,0,0,2.7,2.7,0.12,0.3,0.3,Matches
474,Michel Vorm\Michel-Vorm,nl NED,GK,Tottenham,34,1983,2,0,0,0,,0,0,,,0,0,0,0,0,,0,0,Matches
475,Mat?j Vydra\Matej-Vydra,cz CZE,FWMF,Burnley,26,1992,3.5,1,6,3,50,1.7,0.85,0.17,0.33,0,0,0,1.4,1.4,0.24,-0.4,-0.4,Matches
476,Theo Walcott\Theo-Walcott,eng ENG,FWMF,Everton,29,1989,23.5,5,43,21,48.8,1.83,0.89,0.12,0.24,0,0,0,5.7,5.7,0.13,-0.7,-0.7,Matches
477,Kyle Walker\Kyle-Walker,eng ENG,DF,Manchester City,28,1990,30.9,1,20,3,15,0.65,0.1,0.05,0.33,1,0,0,0.7,0.7,0.04,0.3,0.3,Matches
478,Kyle Walker-Peters\Kyle-Walker-Peters,eng ENG,DF,Tottenham,21,1997,4.2,0,2,0,0,0.48,0,0,,0,0,0,0.4,0.4,0.18,-0.4,-0.4,Matches
479,Aaron Wan-Bissaka\Aaron-Wan-Bissaka,eng ENG,DF,Crystal Palace,20,1997,34.8,0,9,0,0,0.26,0,0,,0,0,0,0.5,0.5,0.05,-0.5,-0.5,Matches
480,Victor Wanyama\Victor-Wanyama,ke KEN,MF,Tottenham,27,1991,5.7,1,7,2,28.6,1.22,0.35,0.14,0.5,0,0,0,1,1,0.14,0,0,Matches
481,Danny Ward\Danny-Ward,eng ENG,FW,Cardiff City,26,1991,4.9,1,12,7,58.3,2.43,1.42,0.08,0.14,0,0,0,0.6,0.6,0.05,0.4,0.4,Matches
482,Joel Ward\Joel-Ward,eng ENG,DF,Crystal Palace,28,1989,6.1,1,2,1,50,0.33,0.16,0.5,1,0,0,0,0.7,0.7,0.34,0.3,0.3,Matches
483,Stephen Ward\Stephen-Ward,ie IRL,DF,Burnley,32,1985,2.5,0,1,1,100,0.39,0.39,0,0,0,0,0,0.1,0.1,0.11,-0.1,-0.1,Matches
484,James Ward-Prowse\James-Ward-Prowse,eng ENG,MFDF,Southampton,23,1994,21.6,7,30,14,46.7,1.39,0.65,0.2,0.43,7,1,1,3.7,2.9,0.1,3.3,3.1,Matches
485,Danny Welbeck\Danny-Welbeck,eng ENG,FWMF,Arsenal,27,1990,1.7,1,4,2,50,2.35,1.18,0.25,0.5,0,0,0,0.5,0.5,0.13,0.5,0.5,Matches
486,Ashley Westwood\Ashley-Westwood,eng ENG,MF,Burnley,28,1990,31.4,2,22,7,31.8,0.7,0.22,0.09,0.29,1,0,0,2.1,2.1,0.1,-0.1,-0.1,Matches
487,Connor Wickham\Connor-Wickham,eng ENG,FW,Crystal Palace,25,1993,0.7,0,5,1,20,6.72,1.34,0,0,0,0,0,0.5,0.5,0.1,-0.5,-0.5,Matches
488,Georginio Wijnaldum\Georginio-Wijnaldum,nl NED,MF,Liverpool,27,1990,30.3,3,30,8,26.7,0.99,0.26,0.1,0.38,0,0,0,2.4,2.4,0.08,0.6,0.6,Matches
489,Danny Williams\Danny-Williams,us USA,MF,Huddersfield,29,1989,1.1,0,1,0,0,0.94,0,0,,0,0,0,0,0,0.02,0,0,Matches
490,Willian\Willian,br BRA,FW,Chelsea,29,1988,23.3,3,62,22,35.5,2.66,0.94,0.05,0.14,8,0,0,4.6,4.6,0.07,-1.6,-1.6,Matches
491,Joe Willock\Joe-Willock,eng ENG,MF,Arsenal,18,1999,0.7,0,2,0,0,2.81,0,0,,0,0,0,0.1,0.1,0.06,-0.1,-0.1,Matches
492,Ben Wilmot\Ben-Wilmot,eng ENG,MF,Watford,18,1999,0.3,0,0,0,,0,0,,,0,0,0,0,0,,0,0,Matches
493,Jack Wilshere\Jack-Wilshere,eng ENG,MF,West Ham,26,1992,4.4,0,2,1,50,0.46,0.23,0,0,0,0,0,0.2,0.2,0.11,-0.2,-0.2,Matches
494,Callum Wilson\Callum-Wilson,eng ENG,FW,Bournemouth,26,1992,28.1,14,63,27,42.9,2.24,0.96,0.21,0.48,0,1,2,14.1,12.6,0.2,-0.1,0.4,Matches
495,Harry Winks\Harry-Winks,eng ENG,MF,Tottenham,22,1996,17.7,1,9,2,22.2,0.51,0.11,0.11,0.5,0,0,0,0.6,0.6,0.07,0.4,0.4,Matches
496,Chris Wood\Chris-Wood,nz NZL,FW,Burnley,26,1991,28.8,10,58,23,39.7,2.02,0.8,0.17,0.43,0,0,0,8.9,8.9,0.15,1.1,1.1,Matches
497,Granit Xhaka\Granit-Xhaka,ch SUI,MFDF,Arsenal,25,1992,27.8,4,30,11,36.7,1.08,0.4,0.13,0.36,7,0,0,1.6,1.6,0.05,2.4,2.4,Matches
498,Andriy Yarmolenko\Andriy-Yarmolenko,ua UKR,FWMF,West Ham,28,1989,5.1,2,9,3,33.3,1.76,0.59,0.22,0.67,0,0,0,1,1,0.12,1,1,Matches
499,DeAndre Yedlin\DeAndre-Yedlin,us USA,DF,Newcastle Utd,25,1993,27.5,1,11,2,18.2,0.4,0.07,0.09,0.5,0,0,0,1,1,0.09,0,0,Matches
500,Maya Yoshida\Maya-Yoshida,jp JPN,DF,Southampton,29,1988,16.9,0,13,3,23.1,0.77,0.18,0,0,0,0,0,1.7,1.7,0.13,-1.7,-1.7,Matches
501,Ashley Young\Ashley-Young,eng ENG,DF,Manchester Utd,33,1985,28.5,2,12,3,25,0.42,0.11,0.17,0.67,2,0,0,0.4,0.4,0.03,1.6,1.6,Matches
502,Pablo Zabaleta\Pablo-Zabaleta,ar ARG,DF,West Ham,33,1985,23.2,0,7,1,14.3,0.3,0.04,0,0,0,0,0,0.2,0.2,0.02,-0.2,-0.2,Matches
503,Wilfried Zaha\Wilfried-Zaha,ci CIV,FW,Crystal Palace,25,1992,33.7,10,79,30,38,2.34,0.89,0.13,0.33,0,0,0,6.6,6.6,0.08,3.4,3.4,Matches
504,Andre-Frank Zambo Anguissa\Andre-Frank-Zambo-Anguissa,cm CMR,MF,Fulham,22,1995,16.9,0,20,5,25,1.19,0.3,0,0,0,0,0,0.8,0.8,0.04,-0.8,-0.8,Matches
505,Davide Zappacosta\Davide-Zappacosta,it ITA,DF,Chelsea,26,1992,1.4,0,2,1,50,1.41,0.7,0,0,0,0,0,0.1,0.1,0.03,-0.1,-0.1,Matches
506,Oleksandr Zinchenko\Oleksandr-Zinchenko,ua UKR,DF,Manchester City,21,1996,12.8,0,7,1,14.3,0.55,0.08,0,0,0,0,0,0.1,0.1,0.02,-0.1,-0.1,Matches
507,Kenneth Zohore\Kenneth-Zohore,dk DEN,FW,Cardiff City,24,1994,8.4,1,17,7,41.2,2.03,0.84,0.06,0.14,0,0,0,1.9,1.9,0.11,-0.9,-0.9,Matches
508,Kurt Zouma\Kurt-Zouma,fr FRA,DF,Everton,23,1994,29,2,17,4,23.5,0.59,0.14,0.12,0.5,0,0,0,1.3,1.3,0.08,0.7,0.7,Matches
