,,Total,Total,Total,Total,Total,,,,,,,,,
Player,Squad,Cmp,Att,Cmp%,TotDist,PrgDist,Ast,xA,A-xA,KP,01-Mar,PPA,CrsPA,Prog,Matches
Patrick van Aanholt\Patrick-van-Aanholt,Crystal Palace,1587,1962,80.9,26851,11857,2,3.9,-1.9,34,115,63,9,292,Matches
Sergio Agüero\Sergio-Aguero,Manchester City,665,785,84.7,9245,1686,8,5.5,2.5,34,37,44,1,68,Matches
Nathan Aké\Nathan-Ake,Bournemouth,1469,1701,86.4,30143,10917,0,0.8,-0.8,5,92,7,3,91,Matches
Marc Albrighton\Marc-Albrighton,Leicester City,459,776,59.1,8932,3604,2,3.1,-1.1,30,48,29,12,101,Matches
Toby Alderweireld\Toby-Alderweireld,Tottenham,2067,2342,88.3,50426,14985,0,0.6,-0.6,7,193,23,1,133,Matches
Trent Alexander-Arnold\Trent-Alexander-Arnold,Liverpool,1644,2213,74.3,34938,13658,12,6.1,5.9,48,129,59,25,322,Matches
Alisson\Alisson,Liverpool,1039,1262,82.3,30318,16760,0,0,0,0,12,0,0,0,Matches
Dele Alli\Dele-Alli,Tottenham,843,1050,80.3,13914,3358,3,2.4,0.6,28,81,32,2,99,Matches
Miguel Almirón\Miguel-Almiron,Newcastle Utd,188,260,72.3,3320,863,0,0.8,-0.8,12,16,14,9,28,Matches
Marcos Alonso\Marcos-Alonso,Chelsea,1838,2226,82.6,29324,9874,4,3.9,0.1,31,114,23,9,175,Matches
Daniel Amartey\Daniel-Amartey,Leicester City,354,433,81.8,6665,2943,0,0.2,-0.2,3,31,0,0,42,Matches
Luke Amos\Luke-Amos,Tottenham,1,2,50,13,3,0,0,0,0,0,0,0,0,Matches
Felipe Anderson\Felipe-Anderson,West Ham,1328,1819,73,22850,7749,4,6.7,-2.7,60,109,89,13,223,Matches
Florin Andone\Florin-Andone,Brighton,122,180,67.8,1667,216,0,0.1,-0.1,2,4,2,1,6,Matches
Michail Antonio\Michail-Antonio,West Ham,513,777,66,8177,2307,4,3.4,0.6,20,43,19,8,76,Matches
Stuart Armstrong\Stuart-Armstrong,Southampton,498,652,76.4,8420,2162,2,1.4,0.6,28,39,26,2,71,Matches
Marko Arnautovi?\Marko-Arnautovic,West Ham,496,655,75.7,7602,1359,4,3.6,0.4,33,21,17,2,46,Matches
Kepa Arrizabalaga\Kepa-Arrizabalaga,Chelsea,974,1136,85.7,27156,14923,0,0,0,0,3,0,0,1,Matches
Harry Arter\Harry-Arter,Cardiff City,534,689,77.5,9771,2810,1,0.7,0.3,12,58,20,4,82,Matches
Christian Atsu\Christian-Atsu,Newcastle Utd,335,454,73.8,5193,1161,0,1.2,-1.2,14,23,17,5,31,Matches
Pierre-Emerick Aubameyang\Pierre-Emerick-Aubameyang,Arsenal,526,742,70.9,7324,1884,5,4.2,0.8,33,28,33,4,68,Matches
Serge Aurier\Serge-Aurier,Tottenham,253,343,73.8,4361,1788,2,0.5,1.5,5,9,11,7,40,Matches
Charlie Austin\Charlie-Austin,Southampton,127,208,61.1,2051,287,2,0.4,1.6,9,4,4,0,9,Matches
Jordan Ayew\Jordan-Ayew,Crystal Palace,201,273,73.6,2823,526,2,1.1,0.9,13,11,6,0,16,Matches
Floyd Ayité\Floyd-Ayite,Fulham,159,209,76.1,2483,725,0,0.3,-0.3,8,11,7,1,24,Matches
César Azpilicueta\Cesar-Azpilicueta,Chelsea,2471,2892,85.4,40522,14256,5,2.3,2.7,25,160,47,19,231,Matches
Ryan Babel\Ryan-Babel,Fulham,410,515,79.6,6440,1687,3,2.3,0.7,23,27,10,3,42,Matches
Juninho Bacuna\Juninho-Bacuna,Huddersfield,559,763,73.3,11230,3789,0,1.6,-1.6,17,85,12,0,100,Matches
Leandro Bacuna\Leandro-Bacuna,Cardiff City,114,168,67.9,2153,858,0,0,0,1,11,5,2,24,Matches
Eric Bailly\Eric-Bailly,Manchester Utd,267,310,86.1,5489,1689,0,0,0,0,8,0,0,10,Matches
Leighton Baines\Leighton-Baines,Everton,206,261,78.9,3537,1557,0,0.2,-0.2,4,16,2,1,43,Matches
Fabián Balbuena\Fabian-Balbuena,West Ham,655,838,78.2,13925,5702,0,0.1,-0.1,3,33,0,0,42,Matches
Leon Balogun\Leon-Balogun,Brighton,174,218,79.8,3945,888,0,0,0,0,2,0,0,4,Matches
Sol Bamba\Sol-Bamba,Cardiff City,397,580,68.4,9028,3462,1,0.4,0.6,4,43,3,0,47,Matches
Phil Bardsley\Phil-Bardsley,Burnley,523,770,67.9,10171,4847,0,0.7,-0.7,6,61,20,6,117,Matches
Ross Barkley\Ross-Barkley,Chelsea,881,973,90.5,15589,2677,5,2.1,2.9,21,62,17,2,66,Matches
Ashley Barnes\Ashley-Barnes,Burnley,346,559,61.9,5019,1092,2,3.6,-1.6,20,23,13,2,45,Matches
Harvey Barnes\Harvey-Barnes,Leicester City,257,344,74.7,3546,944,2,1.4,0.6,16,16,13,4,35,Matches
Antonio Barreca\Antonio-Barreca,Newcastle Utd,1,3,33.3,16,16,0,0,0,0,0,0,0,1,Matches
Michy Batshuayi\Michy-Batshuayi,Crystal Palace,111,162,68.5,1614,301,0,0.1,-0.1,1,5,2,0,7,Matches
Jan Bednarek\Jan-Bednarek,Southampton,591,849,69.6,12101,5559,1,0.4,0.6,7,53,2,0,71,Matches
Asmir Begovi?\Asmir-Begovic,Bournemouth,431,633,68.1,14901,10075,0,0,0,0,4,0,0,1,Matches
Héctor Bellerín\Hector-Bellerin,Arsenal,794,947,83.8,13510,4477,5,2.2,2.8,9,48,27,5,104,Matches
Joe Bennett\Joe-Bennett,Cardiff City,640,947,67.6,11667,6053,1,1.1,-0.1,13,75,14,9,157,Matches
Ryan Bennett\Ryan-Bennett,Wolves,1095,1387,78.9,23131,7322,0,0.4,-0.4,5,97,2,0,95,Matches
Christian Benteke\Christian-Benteke,Crystal Palace,139,243,57.2,2112,377,1,1.3,-0.3,8,8,2,0,13,Matches
Jóhann Berg Guðmundsson\Johann-Berg-Gudmundsson,Burnley,407,610,66.7,7473,2649,6,3.8,2.2,40,22,22,16,87,Matches
Bernard\Bernard,Everton,633,867,73,10614,3250,3,3.2,-0.2,40,45,34,9,91,Matches
Bernardo\Bernardo,Brighton,735,1014,72.5,12840,5472,1,0.9,0.1,9,54,10,3,131,Matches
Ryan Bertrand\Ryan-Bertrand,Southampton,795,1094,72.7,13308,6080,0,1.9,-1.9,23,68,29,13,161,Matches
Marcus Bettinelli\Marcus-Bettinelli,Fulham,154,237,65,5646,4315,0,0,0,0,5,1,0,0,Matches
Philip Billing\Philip-Billing,Huddersfield,912,1251,72.9,18591,5361,0,1.1,-1.1,17,67,21,10,132,Matches
Yves Bissouma\Yves-Bissouma,Brighton,596,727,82,10282,2277,0,1.1,-1.1,14,52,7,1,52,Matches
Willy Boly\Willy-Boly,Wolves,1392,1695,82.1,27415,11135,0,0.9,-0.9,10,122,7,0,125,Matches
Léo Bonatini\Leo-Bonatini,Wolves,41,55,74.5,706,159,1,0.3,0.7,2,5,3,1,5,Matches
Gaëtan Bong\Gaetan-Bong,Brighton,598,879,68,10886,5632,0,0.6,-0.6,8,46,18,10,116,Matches
Artur Boruc\Artur-Boruc,Bournemouth,225,350,64.3,7768,5404,0,0,0,0,4,0,0,0,Matches
Robbie Brady\Robbie-Brady,Burnley,162,287,56.4,3017,1094,1,1.4,-0.4,13,15,11,6,35,Matches
Miguel Britos\Miguel-Britos,Watford,48,56,85.7,1045,418,0,0,0,0,3,0,0,5,Matches
David Brooks\David-Brooks,Bournemouth,649,879,73.8,10707,3430,5,3.7,1.3,29,56,40,3,110,Matches
Bruno\Bruno,Brighton,506,634,79.8,9870,4571,1,0.3,0.7,6,34,9,3,75,Matches
Joe Bryan\Joe-Bryan,Fulham,907,1291,70.3,16413,7598,1,2.6,-1.6,23,79,24,14,176,Matches
David Button\David-Button,Brighton,48,108,44.4,2266,1848,0,0,0,0,3,0,0,0,Matches
Willy Caballero\Willy-Caballero,Chelsea,51,63,81,1505,839,0,0,0,0,0,0,0,0,Matches
Gary Cahill\Gary-Cahill,Chelsea,18,20,90,339,195,0,0,0,0,1,0,0,6,Matches
Tom Cairney\Tom-Cairney,Fulham,1257,1412,89,21716,4012,1,2.9,-1.9,37,109,31,2,119,Matches
Dominic Calvert-Lewin\Dominic-Calvert-Lewin,Everton,283,441,64.2,4058,728,2,1.1,0.9,10,22,7,1,21,Matches
Rafael Camacho\Rafael-Camacho,Liverpool,0,0,,0,0,0,0,0,0,0,0,0,0,Matches
Víctor Camarasa\Victor-Camarasa,Cardiff City,702,1006,69.8,13295,3558,4,3.3,0.7,47,61,25,7,119,Matches
Étienne Capoue\Etienne-Capoue,Watford,1482,1778,83.4,29212,8003,3,0.9,2.1,9,152,18,1,164,Matches
Andy Carroll\Andy-Carroll,West Ham,86,131,65.6,1354,252,0,0.2,-0.2,3,4,0,0,4,Matches
Jonny Castro\Jonny-Castro,Wolves,1124,1394,80.6,17057,5537,1,1.5,-0.5,25,38,22,5,107,Matches
Craig Cathcart\Craig-Cathcart,Watford,1046,1278,81.8,22783,7703,0,0.4,-0.4,1,61,3,1,64,Matches
Ivan Cavaleiro\Ivan-Cavaleiro,Wolves,252,356,70.8,3891,968,1,1.5,-0.5,17,13,12,8,30,Matches
Petr ?ech\Petr-Cech,Arsenal,168,242,69.4,4852,2753,0,0,0,0,1,0,0,0,Matches
Nathaniel Chalobah\Nathaniel-Chalobah,Watford,93,121,76.9,1734,585,0,0,0,0,10,1,0,11,Matches
Calum Chambers\Calum-Chambers,Fulham,1190,1518,78.4,22754,6702,0,0.7,-0.7,15,123,16,0,130,Matches
Ben Chilwell\Ben-Chilwell,Leicester City,1575,2239,70.3,26044,9663,4,3,1,40,99,36,16,211,Matches
Tahith Chong\Tahith-Chong,Manchester Utd,13,15,86.7,231,59,0,0,0,0,1,1,0,2,Matches
Hamza Choudhury\Hamza-Choudhury,Leicester City,207,238,87,3864,725,0,0.4,-0.4,4,17,3,1,18,Matches
Andreas Christensen\Andreas-Christensen,Chelsea,416,446,93.3,8083,2567,0,0,0,0,22,0,0,32,Matches
Cyrus Christie\Cyrus-Christie,Fulham,876,1194,73.4,15085,5404,1,1.4,-0.4,21,34,24,12,126,Matches
Ibrahima Cissé\Ibrahima-Cisse,Fulham,28,33,84.8,431,201,0,0,0,0,3,0,0,3,Matches
Ciaran Clark\Ciaran-Clark,Newcastle Utd,225,302,74.5,4567,1819,0,0.4,-0.4,3,15,3,0,19,Matches
Tom Cleverley\Tom-Cleverley,Watford,175,229,76.4,3050,845,0,0,0,0,15,5,0,18,Matches
Nathaniel Clyne\Nathaniel-Clyne,Bournemouth,454,588,77.2,7538,3253,1,0.2,0.8,5,21,10,3,76,Matches
Conor Coady\Conor-Coady,Wolves,1412,1677,84.2,39228,12627,0,0,0,0,119,5,0,61,Matches
Joel Coleman\Joel-Coleman,Huddersfield,12,37,32.4,517,326,0,0,0,0,1,0,0,0,Matches
Séamus Coleman\Seamus-Coleman,Everton,1218,1583,76.9,21085,9037,2,2.3,-0.3,22,97,25,14,188,Matches
Lewis Cook\Lewis-Cook,Bournemouth,328,400,82,6783,1660,0,0.1,-0.1,2,30,7,1,40,Matches
Steve Cook\Steve-Cook,Bournemouth,1222,1573,77.7,29083,10946,1,1.2,-0.2,12,88,5,1,117,Matches
Jack Cork\Jack-Cork,Burnley,1081,1349,80.1,19365,4193,2,1.6,0.4,17,102,16,2,95,Matches
Hélder Costa\Helder-Costa,Wolves,372,493,75.5,5672,1217,2,1.6,0.4,17,18,20,2,39,Matches
Aaron Cresswell\Aaron-Cresswell,West Ham,835,1061,78.7,13626,5624,1,1.1,-0.1,16,63,18,6,109,Matches
Peter Crouch\Peter-Crouch,Burnley,11,25,44,140,49,0,0,0,0,1,1,0,2,Matches
Greg Cunningham\Greg-Cunningham,Cardiff City,167,229,72.9,3036,1473,0,0.2,-0.2,5,19,5,4,32,Matches
Diogo Dalot\Diogo-Dalot,Manchester Utd,395,556,71,7185,2625,2,1.7,0.3,17,23,14,7,69,Matches
Matty Daly\Matty-Daly,Huddersfield,7,13,53.8,72,14,0,0,0,0,1,0,0,0,Matches
Loïc Damour\Loic-Damour,Cardiff City,8,11,72.7,233,25,0,0,0,0,1,0,0,0,Matches
Charlie Daniels\Charlie-Daniels,Bournemouth,785,1019,77,13981,5849,0,1,-1,11,62,22,6,112,Matches
Danilo\Danilo,Manchester City,767,871,88.1,13915,3100,0,0.3,-0.3,5,69,9,1,66,Matches
Scott Dann\Scott-Dann,Crystal Palace,190,243,78.2,3784,1692,1,0,1,0,10,0,0,17,Matches
Matteo Darmian\Matteo-Darmian,Manchester Utd,176,206,85.4,2960,1297,0,0.1,-0.1,2,14,1,1,17,Matches
Ben Davies\Ben-Davies,Tottenham,1071,1314,81.5,18467,7269,0,1.9,-1.9,17,82,21,7,145,Matches
Tom Davies\Tom-Davies,Everton,414,525,78.9,7840,1831,0,0.5,-0.5,5,49,8,0,51,Matches
Steven Davis\Steven-Davis,Southampton,65,69,94.2,1339,434,1,0.7,0.3,3,6,3,1,7,Matches
Kevin De Bruyne\Kevin-De-Bruyne,Manchester City,625,819,76.3,12509,3382,2,3.5,-1.5,33,66,44,8,110,Matches
Troy Deeney\Troy-Deeney,Watford,522,836,62.4,7505,2717,5,4.7,0.3,40,61,42,3,109,Matches
Jermain Defoe\Jermain-Defoe,Bournemouth,0,0,,0,0,0,0,0,0,0,0,0,0,Matches
Steven Defour\Steven-Defour,Burnley,198,250,79.2,4054,1078,0,0,0,2,17,4,0,21,Matches
Fabian Delph\Fabian-Delph,Manchester City,692,758,91.3,12042,3058,1,0.3,0.7,3,75,14,2,63,Matches
Mousa Dembélé\Mousa-Dembele,Tottenham,278,308,90.3,4789,964,0,0,0,0,21,1,0,23,Matches
Leander Dendoncker\Leander-Dendoncker,Wolves,504,625,80.6,8274,1826,0,1.2,-1.2,7,28,7,1,37,Matches
Laurent Depoitre\Laurent-Depoitre,Huddersfield,169,261,64.8,2246,458,1,0.6,0.4,7,10,6,0,17,Matches
Gerard Deulofeu\Gerard-Deulofeu,Watford,580,795,73,9204,2193,5,4.9,0.1,30,40,43,5,85,Matches
Fousseni Diabaté\Fousseni-Diabate,Leicester City,10,18,55.6,161,38,0,0.1,-0.1,1,0,1,1,1,Matches
Adama Diakhaby\Adama-Diakhaby,Huddersfield,118,164,72,1783,279,0,0.4,-0.4,5,2,4,0,11,Matches
Mohamed Diamé\Mohamed-Diame,Newcastle Utd,571,741,77.1,10387,2494,0,0,0,1,44,8,1,45,Matches
Grady Diangana\Grady-Diangana,West Ham,200,265,75.5,2919,785,1,1.2,-0.2,11,16,7,1,24,Matches
Eric Dier\Eric-Dier,Tottenham,890,1058,84.1,17043,4569,0,0.9,-0.9,8,80,12,3,78,Matches
Lucas Digne\Lucas-Digne,Everton,1460,2059,70.9,26883,12195,4,6.1,-2.1,70,112,51,30,293,Matches
Virgil van Dijk\Virgil-van-Dijk,Liverpool,2709,2996,90.4,61696,17542,2,1.1,0.9,6,182,5,0,157,Matches
Issa Diop\Issa-Diop,West Ham,973,1141,85.3,19676,6689,0,0.1,-0.1,2,42,0,0,64,Matches
Matt Doherty\Matt-Doherty,Wolves,1333,1828,72.9,22929,10172,5,4.8,0.2,41,74,32,11,294,Matches
Abdoulaye Doucouré\Abdoulaye-Doucoure,Watford,1640,1967,83.4,28537,6923,6,3.8,2.2,37,149,36,4,165,Matches
Luke Dreher\Luke-Dreher,Crystal Palace,3,3,100,28,0,0,0,0,0,0,0,0,0,Matches
Martin Dúbravka\Martin-Dubravka,Newcastle Utd,686,1152,59.5,26442,18423,0,0,0,0,21,0,0,0,Matches
Shane Duffy\Shane-Duffy,Brighton,990,1268,78.1,23988,7882,1,0.3,0.7,6,39,3,1,33,Matches
Demeaco Duhaney\Demeaco-Duhaney,Huddersfield,20,28,71.4,343,187,0,0,0,0,3,1,0,6,Matches
Paul Dummett\Paul-Dummett,Newcastle Utd,639,884,72.3,12842,6676,0,0.8,-0.8,5,75,12,4,104,Matches
Lewis Dunk\Lewis-Dunk,Brighton,1240,1489,83.3,30199,8695,1,0.6,0.4,9,77,3,0,50,Matches
Erik Durm\Erik-Durm,Huddersfield,748,1072,69.8,12973,4976,1,0.9,0.1,12,53,18,10,125,Matches
Bruno Ecuele Manga\Bruno-Ecuele-Manga,Cardiff City,706,1110,63.6,15221,7237,1,0.4,0.6,5,75,6,1,143,Matches
Ederson\Ederson,Manchester City,918,1071,85.7,24419,14709,1,0.3,0.7,3,9,0,0,3,Matches
Harvey Elliot\Harvey-Elliot,Fulham,10,12,83.3,176,35,0,0,0,0,0,1,0,1,Matches
Mohamed Elneny\Mohamed-Elneny,Arsenal,259,287,90.2,5088,1243,0,0.1,-0.1,4,18,3,0,28,Matches
Mohamed Elyounoussi\Mohamed-Elyounoussi,Southampton,176,270,65.2,2887,915,0,1.1,-1.1,13,11,9,1,27,Matches
Christian Eriksen\Christian-Eriksen,Tottenham,1540,1985,77.6,28609,7805,12,6.9,5.1,75,181,55,11,228,Matches
Neil Etheridge\Neil-Etheridge,Cardiff City,396,1188,33.3,23283,20303,0,0.2,-0.2,3,65,0,0,0,Matches
Jonny Evans\Jonny-Evans,Leicester City,867,1013,85.6,19495,5850,0,0.2,-0.2,4,44,1,0,35,Matches
?ukasz Fabia?ski\Lukasz-Fabianski,West Ham,651,1204,54.1,27972,20620,0,0.2,-0.2,3,19,0,0,0,Matches
Fabinho\Fabinho,Liverpool,1403,1631,86,27109,6384,2,1.3,0.7,16,153,25,2,135,Matches
Cesc Fàbregas\Cesc-Fabregas,Chelsea,165,193,85.5,3038,1041,0,0.3,-0.3,3,17,4,0,19,Matches
Fabricio\Fabricio,Fulham,34,50,68,1178,824,0,0,0,0,1,0,0,0,Matches
Marouane Fellaini\Marouane-Fellaini,Manchester Utd,347,433,80.1,5685,1643,1,0.1,0.9,3,31,1,0,31,Matches
Kiko Femenía\Kiko-Femenia,Watford,950,1174,80.9,16155,6758,1,1.8,-0.8,15,66,26,13,131,Matches
Federico Fernández\Federico-Fernandez,Newcastle Utd,483,622,77.7,11554,4212,1,0.3,0.7,4,33,4,2,45,Matches
Fernandinho\Fernandinho,Manchester City,1804,2068,87.2,33312,9062,3,2.9,0.1,24,265,48,0,218,Matches
Roberto Firmino\Roberto-Firmino,Liverpool,1056,1303,81,15904,4432,6,5.6,0.4,42,90,54,3,158,Matches
Phil Foden\Phil-Foden,Manchester City,202,235,86,2955,456,0,0.6,-0.6,8,9,8,0,19,Matches
Fraser Forster\Fraser-Forster,Southampton,10,23,43.5,444,387,0,0,0,0,0,0,0,0,Matches
Ben Foster\Ben-Foster,Watford,600,1242,48.3,28046,23821,0,0.3,-0.3,7,44,1,0,2,Matches
Timothy Fosu-Mensah\Timothy-Fosu-Mensah,Fulham,372,471,79,7249,2790,0,0.4,-0.4,4,25,5,2,51,Matches
Juan Foyth\Juan-Foyth,Tottenham,506,588,86.1,9974,2929,0,0.3,-0.3,3,28,3,1,24,Matches
Simon Francis\Simon-Francis,Bournemouth,598,815,73.4,11601,5627,2,1,1,11,62,17,8,94,Matches
Ryan Fraser\Ryan-Fraser,Bournemouth,1019,1505,67.7,18740,6522,14,11.8,2.2,87,79,64,24,225,Matches
Fred\Fred,Manchester Utd,656,769,85.3,13141,3451,1,0.9,0.1,14,79,6,2,72,Matches
Ryan Fredericks\Ryan-Fredericks,West Ham,397,548,72.4,6041,2556,0,0.2,-0.2,3,18,8,6,48,Matches
Christian Fuchs\Christian-Fuchs,Leicester City,121,158,76.6,2337,1103,0,0.3,-0.3,6,11,6,4,30,Matches
Manolo Gabbiadini\Manolo-Gabbiadini,Southampton,83,119,69.7,1114,293,0,0.2,-0.2,4,3,3,0,5,Matches
Sam Gallagher\Sam-Gallagher,Southampton,2,8,25,18,0,0,0,0,0,0,0,0,0,Matches
Idrissa Gana Gueye\Idrissa-Gana-Gueye,Everton,1478,1758,84.1,28783,7529,2,1,1,19,172,20,2,171,Matches
James Garner\James-Garner,Manchester Utd,0,1,0,0,0,0,0,0,0,0,0,0,0,Matches
Paulo Gazzaniga\Paulo-Gazzaniga,Tottenham,70,105,66.7,2073,1166,0,0,0,0,1,0,0,0,Matches
David de Gea\David-de-Gea,Manchester Utd,712,1087,65.5,28362,21563,0,0,0,1,11,0,0,1,Matches
Rachid Ghezzal\Rachid-Ghezzal,Leicester City,355,466,76.2,6215,1684,0,1.6,-1.6,15,18,18,7,53,Matches
Morgan Gibbs-White\Morgan-Gibbs-White,Wolves,271,336,80.7,5384,991,1,1.5,-0.5,12,20,8,0,23,Matches
Ben Gibson\Ben-Gibson,Burnley,21,32,65.6,402,129,0,0,0,0,1,0,0,2,Matches
Olivier Giroud\Olivier-Giroud,Chelsea,174,251,69.3,2173,218,4,1.9,2.1,16,5,6,0,12,Matches
André Gomes\Andre-Gomes,Everton,1025,1230,83.3,21258,4816,1,0.6,0.4,7,106,21,3,117,Matches
Angel Gomes\Angel-Gomes,Manchester Utd,20,23,87,329,77,0,0,0,0,2,0,0,1,Matches
Joe Gomez\Joe-Gomez,Liverpool,705,828,85.1,15348,4917,0,0.3,-0.3,6,40,3,1,42,Matches
Jon Gorenc Stankovi?\Jon-Gorenc-Stankovic,Huddersfield,226,287,78.7,4401,1234,0,0.2,-0.2,4,20,2,1,24,Matches
Dan Gosling\Dan-Gosling,Bournemouth,755,951,79.4,14741,4118,1,1.1,-0.1,7,89,16,0,100,Matches
Karlan Grant\Karlan-Grant,Huddersfield,147,213,69,1990,474,0,0.3,-0.3,8,8,2,0,11,Matches
Andre Gray\Andre-Gray,Watford,171,255,67.1,2354,520,2,1.5,0.5,13,12,2,1,12,Matches
Demarai Gray\Demarai-Gray,Leicester City,523,709,73.8,8075,1716,1,0.7,0.3,11,40,18,0,46,Matches
Mason Greenwood\Mason-Greenwood,Manchester Utd,51,61,83.6,703,145,0,0.1,-0.1,3,2,2,0,4,Matches
Pascal Groß\Pascal-Gross,Brighton,654,948,69,13134,4291,3,4.7,-1.7,53,76,25,11,118,Matches
Vicente Guaita\Vicente-Guaita,Crystal Palace,297,592,50.2,11919,9316,0,0,0,1,7,0,0,0,Matches
Mattéo Guendouzi\Matteo-Guendouzi,Arsenal,1412,1623,87,27251,7336,0,2.1,-2.1,19,151,27,2,146,Matches
?lkay Gündo?an\Ilkay-Gundogan,Manchester City,1837,2095,87.7,33302,6806,3,4.1,-1.1,43,185,51,5,201,Matches
Angus Gunn\Angus-Gunn,Southampton,119,307,38.8,5691,4583,0,0,0,0,11,0,0,0,Matches
Aron Gunnarsson\Aron-Gunnarsson,Cardiff City,607,926,65.6,12383,4567,1,1.6,-0.6,13,60,11,2,119,Matches
Florent Hadergjonaj\Florent-Hadergjonaj,Huddersfield,703,979,71.8,12572,4929,0,1.6,-1.6,24,46,25,19,124,Matches
Ben Hamer\Ben-Hamer,Huddersfield,91,194,46.9,4175,3222,0,0,0,0,4,0,0,0,Matches
Kadeem Harris\Kadeem-Harris,Cardiff City,64,99,64.6,953,248,0,0.3,-0.3,5,2,6,3,9,Matches
Joe Hart\Joe-Hart,Burnley,262,580,45.2,13832,11662,0,0,0,1,18,1,0,4,Matches
Isaac Hayden\Isaac-Hayden,Newcastle Utd,581,724,80.2,9817,2178,4,1.7,2.3,20,49,10,2,55,Matches
Eden Hazard\Eden-Hazard,Chelsea,1595,1999,79.8,27836,7322,15,9.4,5.6,93,124,108,11,269,Matches
Rhys Healey\Rhys-Healey,Cardiff City,2,10,20,44,24,0,0,0,0,0,0,0,1,Matches
Tom Heaton\Tom-Heaton,Burnley,284,586,48.5,13943,11815,0,0,0,2,27,0,0,8,Matches
Jordan Henderson\Jordan-Henderson,Liverpool,1550,1799,86.2,32009,7087,3,1.5,1.5,14,193,27,7,148,Matches
Jeff Hendrick\Jeff-Hendrick,Burnley,511,697,73.3,8369,2149,0,1.5,-1.5,15,29,20,4,59,Matches
Wayne Hennessey\Wayne-Hennessey,Crystal Palace,259,488,53.1,10826,8505,0,0,0,0,10,0,0,1,Matches
Javier Hernández\Javier-Hernandez,West Ham,239,333,71.8,4039,786,1,1.7,-0.7,6,22,9,0,23,Matches
Ander Herrera\Ander-Herrera,Manchester Utd,864,990,87.3,14140,4055,3,1,2,12,62,10,1,84,Matches
Son Heung-min\Son-Heung-min,Tottenham,646,772,83.7,9639,1947,6,3.2,2.8,31,31,31,4,71,Matches
Gonzalo Higuaín\Gonzalo-Higuain,Chelsea,253,325,77.8,3669,372,0,1.1,-1.1,15,8,9,0,11,Matches
Wesley Hoedt\Wesley-Hoedt,Southampton,495,642,77.1,11771,4001,0,0,0,1,48,1,0,36,Matches
Jonathan Hogg\Jonathan-Hogg,Huddersfield,1304,1554,83.9,24059,5921,1,0.5,0.5,16,122,12,1,101,Matches
Junior Hoilett\Junior-Hoilett,Cardiff City,334,531,62.9,5573,1933,1,1.3,-0.3,23,11,13,2,44,Matches
Rob Holding\Rob-Holding,Arsenal,540,614,87.9,11241,3676,0,0.1,-0.1,2,20,1,0,23,Matches
José Holebas\Jose-Holebas,Watford,819,1330,61.6,16549,7823,6,3.7,2.3,36,53,16,10,175,Matches
Mason Holgate\Mason-Holgate,Everton,192,258,74.4,4537,1575,0,0,0,0,36,3,0,26,Matches
Callum Hudson-Odoi\Callum-Hudson-Odoi,Chelsea,192,236,81.4,3131,648,1,1,0,8,7,9,5,16,Matches
Will Hughes\Will-Hughes,Watford,773,1007,76.8,11520,3796,4,3.4,0.6,28,65,29,5,108,Matches
Emerson Hyndman\Emerson-Hyndman,Bournemouth,17,23,73.9,292,29,0,0,0,0,2,0,0,1,Matches
Pierre Højbjerg\Pierre-Hojbjerg,Southampton,1495,1824,82,28938,7067,3,2.3,0.7,27,213,19,5,165,Matches
Jordon Ibe\Jordon-Ibe,Bournemouth,214,285,75.1,3736,1167,1,0.7,0.3,10,13,19,4,44,Matches
Vicente Iborra\Vicente-Iborra,Leicester City,124,144,86.1,2730,624,0,0,0,1,15,1,0,12,Matches
Kelechi Iheanacho\Kelechi-Iheanacho,Leicester City,217,288,75.3,3346,684,3,1.6,1.4,14,10,7,1,22,Matches
Danny Ings\Danny-Ings,Southampton,287,417,68.8,4558,1194,3,2.5,0.5,25,32,16,2,42,Matches
Alex Iwobi\Alex-Iwobi,Arsenal,774,1031,75.1,12829,3703,6,5.5,0.5,39,48,59,14,130,Matches
José Izquierdo\Jose-Izquierdo,Brighton,162,210,77.1,2460,812,1,0.5,0.5,5,9,4,1,18,Matches
Phil Jagielka\Phil-Jagielka,Everton,136,177,76.8,3372,829,0,0.2,-0.2,1,8,0,0,6,Matches
Alireza Jahanbakhsh\Alireza-Jahanbakhsh,Brighton,210,306,68.6,3800,1206,0,0.3,-0.3,4,16,6,1,32,Matches
Daryl Janmaat\Daryl-Janmaat,Watford,563,795,70.8,10749,4694,2,0.7,1.3,10,48,23,11,105,Matches
Vincent Janssen\Vincent-Janssen,Tottenham,7,10,70,68,0,0,0,0,0,0,0,0,0,Matches
Carl Jenkinson\Carl-Jenkinson,Arsenal,72,92,78.3,1161,305,0,0,0,0,2,1,0,4,Matches
Gabriel Jesus\Gabriel-Jesus,Manchester City,296,358,82.7,4031,516,3,1.7,1.3,20,14,6,0,21,Matches
Raúl Jiménez\Raul-Jimenez,Wolves,789,1072,73.6,12606,2289,7,7.1,-0.1,42,44,39,5,81,Matches
Stefan Johansen\Stefan-Johansen,Fulham,192,250,76.8,3595,1336,0,0.1,-0.1,1,20,4,0,31,Matches
Ben Johnson\Ben-Johnson,West Ham,19,22,86.4,239,115,0,0,0,0,1,0,0,0,Matches
Tyreke Johnson\Tyreke-Johnson,Southampton,0,0,,0,0,0,0,0,0,0,0,0,0,Matches
Phil Jones\Phil-Jones,Manchester Utd,692,748,92.5,14538,4036,1,0.5,0.5,3,31,2,0,31,Matches
Jorginho\Jorginho,Chelsea,2703,3032,89.1,45124,13770,0,3.2,-3.2,29,348,47,1,317,Matches
Joselu\Joselu,Newcastle Utd,124,195,63.6,1819,334,0,0,0,1,9,1,0,12,Matches
Diogo Jota\Diogo-Jota,Wolves,597,788,75.8,9659,2057,5,4,1,27,48,24,6,78,Matches
Mathias Jørgensen\Mathias-Jorgensen,Huddersfield,945,1156,81.7,18959,8020,1,0.3,0.7,8,82,3,0,109,Matches
Christian Kabasele\Christian-Kabasele,Watford,429,588,73,9585,3355,0,0.1,-0.1,1,30,0,0,33,Matches
Elias Kachunga\Elias-Kachunga,Huddersfield,230,319,72.1,3314,705,0,0.2,-0.2,4,16,5,5,22,Matches
Aboubakar Kamara\Aboubakar-Kamara,Fulham,174,248,70.2,2866,539,0,1.1,-1.1,11,6,3,1,13,Matches
Harry Kane\Harry-Kane,Tottenham,423,575,73.6,8165,2156,4,4,0,29,58,17,3,81,Matches
N'Golo Kanté\NGolo-Kante,Chelsea,1805,2056,87.8,28654,6403,4,3.7,0.3,47,149,40,7,150,Matches
Beram Kayal\Beram-Kayal,Brighton,203,292,69.5,3618,1107,1,1,0,5,20,3,1,29,Matches
Michael Keane\Michael-Keane,Everton,1285,1558,82.5,28801,10748,2,0.7,1.3,8,97,4,0,108,Matches
Neeskens Kebano\Neeskens-Kebano,Fulham,25,32,78.1,394,53,0,0,0,0,2,0,0,1,Matches
Naby Keïta\Naby-Keita,Liverpool,898,1013,88.6,14683,3625,1,1.1,-0.1,10,95,33,1,114,Matches
Martin Kelly\Martin-Kelly,Crystal Palace,263,346,76,5782,2521,0,0.1,-0.1,1,19,2,0,17,Matches
Kenedy\Kenedy,Newcastle Utd,386,548,70.4,6741,2170,1,0.8,0.2,11,33,13,5,53,Matches
Jonjoe Kenny\Jonjoe-Kenny,Everton,431,575,75,7656,3760,1,0.3,0.7,5,47,13,3,81,Matches
Max Kilman\Max-Kilman,Wolves,0,0,,0,0,0,0,0,0,0,0,0,0,Matches
Joshua King\Joshua-King,Bournemouth,607,868,69.9,9411,2210,3,4.1,-1.1,37,42,39,7,94,Matches
Anthony Knockaert\Anthony-Knockaert,Brighton,523,736,71.1,9823,3182,6,4.2,1.8,40,22,18,6,85,Matches
Sead Kolašinac\Sead-Kolasinac,Arsenal,973,1227,79.3,15331,5195,5,5.5,-0.5,32,52,24,9,117,Matches
Vincent Kompany\Vincent-Kompany,Manchester City,1127,1212,93,24149,7772,0,0.1,-0.1,3,109,1,0,68,Matches
Terence Kongolo\Terence-Kongolo,Huddersfield,952,1253,76,18738,8386,1,0.9,0.1,9,74,11,4,112,Matches
Laurent Koscielny\Laurent-Koscielny,Arsenal,805,871,92.4,18690,4802,0,0.1,-0.1,2,27,2,0,27,Matches
Cheikhou Kouyaté\Cheikhou-Kouyate,Crystal Palace,639,798,80.1,10031,3257,2,0.9,1.1,15,67,6,3,70,Matches
Mateo Kova?i?\Mateo-Kovacic,Chelsea,1355,1485,91.2,21641,5134,2,2.4,-0.4,25,136,21,1,100,Matches
Rajiv van La Parra\Rajiv-van-La-Parra,Huddersfield,94,121,77.7,1632,295,0,0.1,-0.1,5,6,1,0,10,Matches
Alexandre Lacazette\Alexandre-Lacazette,Arsenal,579,797,72.6,8085,2130,8,2.9,5.1,29,32,45,3,79,Matches
Adam Lallana\Adam-Lallana,Liverpool,253,304,83.2,3360,881,0,0.5,-0.5,9,13,9,0,35,Matches
Érik Lamela\Erik-Lamela,Tottenham,368,449,82,5672,1246,2,2.7,-0.7,24,26,20,2,47,Matches
Manuel Lanzini\Manuel-Lanzini,West Ham,408,471,86.6,5682,1754,1,1.1,-0.1,6,28,7,0,42,Matches
Aymeric Laporte\Aymeric-Laporte,Manchester City,2793,3028,92.2,59118,19695,3,1.1,1.9,14,322,7,0,251,Matches
Jamaal Lascelles\Jamaal-Lascelles,Newcastle Utd,836,1087,76.9,18344,6066,1,0.3,0.7,2,42,0,0,53,Matches
Maxime Le Marchand\Maxime-Le-Marchand,Fulham,1195,1448,82.5,23779,9349,1,0.6,0.4,7,57,9,3,87,Matches
Florian Lejeune\Florian-Lejeune,Newcastle Utd,427,554,77.1,10966,3864,0,0.3,-0.3,3,49,3,0,33,Matches
Mario Lemina\Mario-Lemina,Southampton,704,833,84.5,12903,3282,1,0.4,0.6,11,67,12,1,71,Matches
Aaron Lennon\Aaron-Lennon,Burnley,235,316,74.4,3720,765,1,0.6,0.4,7,7,7,2,19,Matches
Bernd Leno\Bernd-Leno,Arsenal,779,1102,70.7,22158,12515,0,0,0,0,4,0,0,2,Matches
Jefferson Lerma\Jefferson-Lerma,Bournemouth,1320,1566,84.3,24967,6790,0,0.9,-0.9,15,116,13,1,117,Matches
Stephan Lichtsteiner\Stephan-Lichtsteiner,Arsenal,460,600,76.7,8056,2628,0,0,0,2,22,7,1,47,Matches
Victor Lindelöf\Victor-Lindelof,Manchester Utd,1323,1481,89.3,25954,9015,1,1,0,4,57,6,0,71,Matches
Jesse Lingard\Jesse-Lingard,Manchester Utd,668,788,84.8,9707,1844,2,2.1,-0.1,17,59,14,1,49,Matches
Fernando Llorente\Fernando-Llorente,Tottenham,152,220,69.1,2050,282,4,1.3,2.7,11,9,2,0,6,Matches
Hugo Lloris\Hugo-Lloris,Tottenham,890,1169,76.1,28106,16314,0,0,0,1,10,0,0,0,Matches
Jürgen Locadia\Jurgen-Locadia,Brighton,263,357,73.7,4464,995,0,1,-1,13,12,11,3,25,Matches
Ruben Loftus-Cheek\Ruben-Loftus-Cheek,Chelsea,549,624,88,8297,1589,2,1.4,0.6,17,45,8,0,51,Matches
Kevin Long\Kevin-Long,Burnley,139,177,78.5,3437,1180,1,0,1,0,8,0,0,10,Matches
Shane Long\Shane-Long,Southampton,211,329,64.1,2897,574,1,1,0,13,13,5,2,23,Matches
Sean Longstaff\Sean-Longstaff,Newcastle Utd,236,295,80,4937,1046,0,0.7,-0.7,5,29,6,1,27,Matches
Ademola Lookman\Ademola-Lookman,Everton,221,273,81,3282,948,2,1.2,0.8,9,18,11,4,33,Matches
Jonas Lössl\Jonas-Lossl,Huddersfield,693,1097,63.2,27674,20380,1,0.5,0.5,3,21,0,0,1,Matches
Dejan Lovren\Dejan-Lovren,Liverpool,716,809,88.5,15081,4992,0,0.2,-0.2,1,32,2,1,29,Matches
Chris Löwe\Chris-Lowe,Huddersfield,747,1081,69.1,14723,4960,2,1.6,0.4,18,40,28,18,99,Matches
Matthew Lowton\Matthew-Lowton,Burnley,623,910,68.5,12978,6126,0,0.6,-0.6,8,68,19,7,131,Matches
David Luiz\David-Luiz,Chelsea,2293,2621,87.5,53145,18569,2,2.7,-0.7,16,240,20,1,232,Matches
Romelu Lukaku\Romelu-Lukaku,Manchester Utd,379,583,65,5724,1330,0,2.6,-2.6,24,30,27,4,49,Matches
James Maddison\James-Maddison,Leicester City,1243,1617,76.9,23847,7531,7,7.1,-0.1,96,137,51,5,237,Matches
Gary Madine\Gary-Madine,Cardiff City,12,13,92.3,162,43,0,0,0,0,2,1,0,3,Matches
Harry Maguire\Harry-Maguire,Leicester City,1496,1749,85.5,35344,11701,0,0.3,-0.3,9,177,10,0,166,Matches
Riyad Mahrez\Riyad-Mahrez,Manchester City,717,884,81.1,13230,2838,4,4.1,-0.1,25,29,45,10,98,Matches
Ainsley Maitland-Niles\Ainsley-Maitland-Niles,Arsenal,454,571,79.5,7893,2740,1,1.2,-0.2,6,33,14,1,73,Matches
Sadio Mané\Sadio-Mane,Liverpool,932,1215,76.7,15438,3354,1,4.3,-3.3,43,77,44,4,111,Matches
Javier Manquillo\Javier-Manquillo,Newcastle Utd,352,517,68.1,6145,2642,3,0.9,2.1,8,27,11,3,77,Matches
Solly March\Solly-March,Brighton,597,924,64.6,11310,3191,5,3.8,1.2,38,35,34,20,86,Matches
Adrian Mariappa\Adrian-Mariappa,Watford,736,879,83.7,15862,5860,0,0.7,-0.7,5,47,3,1,44,Matches
Lazar Markovi?\Lazar-Markovic,Fulham,29,30,96.7,388,97,0,0,0,1,2,1,0,2,Matches
Anthony Martial\Anthony-Martial,Manchester Utd,575,752,76.5,7917,2249,2,2.8,-0.8,33,35,30,4,83,Matches
Adam Masina\Adam-Masina,Watford,436,565,77.2,7775,3455,1,0.4,0.6,2,30,4,2,67,Matches
Arthur Masuaku\Arthur-Masuaku,West Ham,878,1092,80.4,15287,6277,1,1.5,-0.5,15,65,13,6,91,Matches
Juan Mata\Juan-Mata,Manchester Utd,618,766,80.7,10983,2704,2,3,-1,29,62,25,6,84,Matches
Nemanja Mati?\Nemanja-Matic,Manchester Utd,1579,1797,87.9,30170,7839,0,0.9,-0.9,14,173,21,4,152,Matches
Joël Matip\Joel-Matip,Liverpool,1158,1320,87.7,25138,7510,0,0.1,-0.1,2,85,5,0,60,Matches
Konstantinos Mavropanos\Konstantinos-Mavropanos,Arsenal,125,133,94,2672,563,0,0.2,-0.2,1,12,0,0,8,Matches
Alfie Mawson\Alfie-Mawson,Fulham,397,487,81.5,8970,2945,0,0,0,1,19,0,0,29,Matches
Isaac Mbenza\Isaac-Mbenza,Huddersfield,188,282,66.7,3095,849,1,0.8,0.2,7,9,7,5,21,Matches
James McArthur\James-McArthur,Crystal Palace,1151,1454,79.2,20576,5246,6,3.3,2.7,30,106,17,2,101,Matches
Alex McCarthy\Alex-McCarthy,Southampton,318,637,49.9,12362,9009,0,0,0,0,17,0,0,0,Matches
James McCarthy\James-McCarthy,Everton,7,8,87.5,107,11,0,0,0,0,1,0,0,0,Matches
Kevin McDonald\Kevin-McDonald,Fulham,484,567,85.4,9208,2394,0,0.1,-0.1,3,46,0,0,35,Matches
Dwight McNeil\Dwight-McNeil,Burnley,383,584,65.6,6974,2251,5,3.3,1.7,27,25,20,14,69,Matches
Scott McTominay\Scott-McTominay,Manchester Utd,387,455,85.1,6937,1960,0,0,0,1,33,1,0,28,Matches
Ben Mee\Ben-Mee,Burnley,1119,1484,75.4,27336,10810,2,1.2,0.8,9,122,5,1,99,Matches
Nathaniel Mendez-Laing\Nathaniel-Mendez-Laing,Cardiff City,173,284,60.9,2672,1157,1,1.5,-0.5,20,15,10,6,37,Matches
Benjamin Mendy\Benjamin-Mendy,Manchester City,668,791,84.5,11962,3861,5,1.3,3.7,12,54,27,11,113,Matches
Nampalys Mendy\Nampalys-Mendy,Leicester City,969,1106,87.6,17004,3829,0,0.2,-0.2,6,95,5,3,80,Matches
Chris Mepham\Chris-Mepham,Bournemouth,324,391,82.9,6860,2225,1,0,1,0,17,0,0,22,Matches
Max Meyer\Max-Meyer,Crystal Palace,566,697,81.2,8453,2154,2,1.2,0.8,23,45,13,2,56,Matches
Luka Milivojevi?\Luka-Milivojevic,Crystal Palace,1629,2140,76.1,32438,10106,2,3,-1,59,181,26,8,248,Matches
James Milner\James-Milner,Liverpool,1300,1614,80.5,25922,9195,4,4.9,-0.9,45,143,41,7,207,Matches
Yerry Mina\Yerry-Mina,Everton,413,488,84.6,9307,3264,0,0.2,-0.2,3,28,1,0,34,Matches
Tyrone Mings\Tyrone-Mings,Bournemouth,74,91,81.3,1377,495,0,0,0,0,8,0,0,6,Matches
Aleksandar Mitrovi?\Aleksandar-Mitrovic,Fulham,761,1053,72.3,10521,1885,3,2.5,0.5,26,45,16,0,64,Matches
Henrikh Mkhitaryan\Henrikh-Mkhitaryan,Arsenal,661,872,75.8,10549,3037,4,4.3,-0.3,27,67,32,2,96,Matches
Nacho Monreal\Nacho-Monreal,Arsenal,1121,1296,86.5,18755,6573,3,1.3,1.7,11,68,14,3,101,Matches
Martín Montoya\Martin-Montoya,Brighton,895,1145,78.2,15916,7060,1,1.1,-0.1,19,67,27,12,148,Matches
Aaron Mooy\Aaron-Mooy,Huddersfield,1078,1427,75.5,19310,6216,1,2.8,-1.8,43,134,29,9,172,Matches
Álvaro Morata\Alvaro-Morata,Chelsea,171,219,78.1,2572,235,0,0.2,-0.2,6,13,1,0,5,Matches
Alberto Moreno\Alberto-Moreno,Liverpool,110,126,87.3,2136,675,0,0.2,-0.2,3,7,5,1,15,Matches
Wes Morgan\Wes-Morgan,Leicester City,739,896,82.5,15028,4386,0,0.2,-0.2,2,34,0,0,34,Matches
Sean Morrison\Sean-Morrison,Cardiff City,525,909,57.8,11406,5405,3,2.5,0.5,17,35,8,1,68,Matches
Victor Moses\Victor-Moses,Chelsea,11,14,78.6,167,18,0,0,0,0,0,1,0,1,Matches
Steve Mounié\Steve-Mounie,Huddersfield,363,557,65.2,5226,903,3,1.6,1.4,17,25,3,0,27,Matches
Lucas Moura\Lucas-Moura,Tottenham,561,745,75.3,8649,2162,0,1.9,-1.9,27,37,18,2,61,Matches
Lys Mousset\Lys-Mousset,Bournemouth,86,121,71.1,1107,286,0,0.5,-0.5,4,9,6,0,10,Matches
João Moutinho\Joao-Moutinho,Wolves,1660,2063,80.5,35146,9787,8,5.7,2.3,80,195,45,14,263,Matches
Jacob Murphy\Jacob-Murphy,Newcastle Utd,39,71,54.9,839,321,1,0.4,0.6,1,2,3,2,9,Matches
Josh Murphy\Josh-Murphy,Cardiff City,209,384,54.4,3749,1464,2,3,-1,14,20,12,6,35,Matches
Glenn Murray\Glenn-Murray,Brighton,385,633,60.8,5595,1071,1,0.8,0.2,11,25,9,3,36,Matches
Shkodran Mustafi\Shkodran-Mustafi,Arsenal,1438,1747,82.3,31858,10818,0,0.2,-0.2,5,112,10,0,105,Matches
Yoshinori Mut?\Yoshinori-Muto,Newcastle Utd,89,127,70.1,1240,289,0,0.3,-0.3,3,10,1,0,8,Matches
Georges-Kévin N'Koudou\Georges-Kevin-NKoudou,Tottenham,3,4,75,79,35,1,0.2,0.8,1,0,1,1,1,Matches
Samir Nasri\Samir-Nasri,West Ham,135,155,87.1,2084,479,2,0.8,1.2,6,11,6,1,13,Matches
Marc Navarro\Marc-Navarro,Watford,22,34,64.7,439,98,0,0,0,0,0,0,0,2,Matches
Wilfred Ndidi\Wilfred-Ndidi,Leicester City,1634,2035,80.3,29967,7215,0,1.5,-1.5,22,155,11,0,153,Matches
Rúben Neves\Ruben-Neves,Wolves,1569,1946,80.6,37264,9235,3,1.4,1.6,19,198,17,3,176,Matches
Oumar Niasse\Oumar-Niasse,Cardiff City,115,169,68,1645,349,0,0.4,-0.4,5,4,5,1,14,Matches
Oumar Niasse\Oumar-Niasse,Everton,13,22,59.1,193,64,0,0.1,-0.1,1,1,2,1,3,Matches
Eddie Nketiah\Eddie-Nketiah,Arsenal,19,20,95,230,53,0,0.1,-0.1,1,1,1,0,2,Matches
Mark Noble\Mark-Noble,West Ham,1293,1533,84.3,26334,7460,5,2.4,2.6,21,140,28,5,163,Matches
Håvard Nordtveit\Havard-Nordtveit,Fulham,191,228,83.8,4649,1761,1,0.2,0.8,3,13,0,0,7,Matches
Will Norris\Will-Norris,Wolves,0,0,,0,0,0,0,0,0,0,0,0,0,Matches
Michael Obafemi\Michael-Obafemi,Southampton,17,23,73.9,225,26,1,0.2,0.8,2,0,3,1,3,Matches
Pedro Obiang\Pedro-Obiang,West Ham,434,549,79.1,8134,2245,1,0.4,0.6,4,47,4,1,51,Matches
Denis Odoi\Denis-Odoi,Fulham,1165,1418,82.2,22741,8242,1,0.7,0.3,11,106,9,2,104,Matches
Angelo Ogbonna\Angelo-Ogbonna,West Ham,659,787,83.7,13634,4255,1,0.5,0.5,4,35,2,0,34,Matches
Stefano Okaka\Stefano-Okaka,Watford,9,13,69.2,112,32,0,0.2,-0.2,2,1,1,1,1,Matches
Shinji Okazaki\Shinji-Okazaki,Leicester City,75,99,75.8,919,207,1,0.3,0.7,2,4,1,0,7,Matches
Divock Origi\Divock-Origi,Liverpool,77,115,67,1316,359,1,0.2,0.8,3,5,4,2,9,Matches
Nicolás Otamendi\Nicolas-Otamendi,Manchester City,1156,1243,93,24413,6048,0,0.2,-0.2,2,80,2,0,54,Matches
Alex Oxlade-Chamberlain\Alex-Oxlade-Chamberlain,Liverpool,12,14,85.7,213,105,0,0,0,1,3,0,0,6,Matches
Mesut Özil\Mesut-Ozil,Arsenal,1028,1179,87.2,16606,4368,2,5.6,-3.6,46,101,51,11,147,Matches
Emerson Palmieri\Emerson-Palmieri,Chelsea,451,518,87.1,6364,1730,0,0.6,-0.6,4,22,14,3,37,Matches
Sokratis Papastathopoulos\Sokratis-Papastathopoulos,Arsenal,1215,1353,89.8,26636,7826,2,0.5,1.5,4,33,4,0,40,Matches
Callum Paterson\Callum-Paterson,Cardiff City,281,584,48.1,4509,2059,1,2,-1,19,44,18,2,69,Matches
Rui Patrício\Rui-Patricio,Wolves,493,835,59,19806,13496,0,0,0,0,5,0,0,0,Matches
Pedro\Pedro,Chelsea,950,1135,83.7,15008,3048,2,2.9,-0.9,27,50,30,8,77,Matches
Lee Peltier\Lee-Peltier,Cardiff City,279,442,63.1,5423,2500,0,0,0,2,21,2,1,62,Matches
Andreas Pereira\Andreas-Pereira,Manchester Utd,297,360,82.5,5345,1658,1,0.8,0.2,9,37,8,3,38,Matches
Ricardo Pereira\Ricardo-Pereira,Leicester City,1495,1956,76.4,25059,9670,6,4.3,1.7,31,109,31,6,224,Matches
Roberto Pereyra\Roberto-Pereyra,Watford,967,1187,81.5,16179,4456,1,3.4,-2.4,38,71,37,5,125,Matches
Ayoze Pérez\Ayoze-Perez,Newcastle Utd,609,812,75,9229,2371,2,3.6,-1.6,38,46,25,4,68,Matches
Lucas Pérez\Lucas-Perez,West Ham,102,148,68.9,1430,209,0,0.8,-0.8,8,4,4,0,5,Matches
Jordan Pickford\Jordan-Pickford,Everton,748,1250,59.8,28716,19158,0,0,0,1,36,0,0,1,Matches
Paul Pogba\Paul-Pogba,Manchester Utd,1728,2115,81.7,33679,9741,9,5.2,3.8,51,225,64,8,274,Matches
Alex Pritchard\Alex-Pritchard,Huddersfield,694,977,71,10901,2879,0,2,-2,34,60,28,7,90,Matches
Sebastian Prödl\Sebastian-Prodl,Watford,3,3,100,64,12,0,0,0,0,0,0,0,0,Matches
Davy Pröpper\Davy-Propper,Brighton,980,1252,78.3,19444,5003,1,1,0,19,122,21,3,130,Matches
Jason Puncheon\Jason-Puncheon,Crystal Palace,10,11,90.9,117,32,0,0,0,1,1,0,0,0,Matches
Jason Puncheon\Jason-Puncheon,Huddersfield,168,214,78.5,3108,1040,0,0.8,-0.8,5,14,5,0,28,Matches
Collin Quaner\Collin-Quaner,Huddersfield,13,17,76.5,168,45,0,0.1,-0.1,1,2,3,0,3,Matches
Domingos Quina\Domingos-Quina,Watford,198,232,85.3,3731,950,0,0.1,-0.1,1,25,3,1,19,Matches
Joe Ralls\Joe-Ralls,Cardiff City,568,863,65.8,12450,4760,0,2,-2,28,107,16,5,140,Matches
Aaron Ramsey\Aaron-Ramsey,Arsenal,647,790,81.9,11035,2577,6,2.4,3.6,24,53,21,5,70,Matches
Kayne Ramsey\Kayne-Ramsey,Southampton,14,18,77.8,263,56,0,0,0,0,0,0,0,0,Matches
Marcus Rashford\Marcus-Rashford,Manchester Utd,538,728,73.9,8159,2006,6,4.4,1.6,38,32,24,3,75,Matches
Tim Ream\Tim-Ream,Fulham,910,1036,87.8,17923,6478,0,0,0,2,48,2,0,70,Matches
Nathan Redmond\Nathan-Redmond,Southampton,877,1215,72.2,14892,3753,4,5.4,-1.4,55,62,61,22,111,Matches
Bobby Reid\Bobby-Reid,Cardiff City,237,330,71.8,3447,835,2,1,1,14,15,6,1,20,Matches
Declan Rice\Declan-Rice,West Ham,1364,1570,86.9,26601,5928,0,0.5,-0.5,9,127,5,0,85,Matches
Jazz Richards\Jazz-Richards,Cardiff City,25,35,71.4,394,174,0,0,0,0,2,0,0,2,Matches
Richarlison\Richarlison,Everton,546,837,65.2,8745,1986,1,1.4,-0.4,17,39,25,3,76,Matches
Diego Rico\Diego-Rico,Bournemouth,259,382,67.8,4716,2356,0,1.1,-1.1,11,22,7,5,67,Matches
Sergio Rico\Sergio-Rico,Fulham,519,891,58.2,21633,17650,0,0.2,-0.2,2,12,1,0,0,Matches
Matt Ritchie\Matt-Ritchie,Newcastle Utd,1036,1580,65.6,20299,8289,8,4.6,3.4,53,63,46,28,216,Matches
Andrew Robertson\Andrew-Robertson,Liverpool,2283,2797,81.6,41485,15333,11,6.8,4.2,52,159,72,18,321,Matches
Marcos Rojo\Marcos-Rojo,Manchester Utd,99,137,72.3,1869,830,0,0,0,0,11,1,0,9,Matches
Oriol Romeu\Oriol-Romeu,Southampton,898,1116,80.5,16595,5119,0,0.4,-0.4,7,121,10,2,130,Matches
Salomón Rondón\Salomon-Rondon,Newcastle Utd,538,772,69.7,7637,1552,7,3.3,3.7,30,42,22,3,55,Matches
Danny Rose\Danny-Rose,Tottenham,869,1173,74.1,15202,5536,3,2.1,0.9,26,58,34,16,130,Matches
Aaron Rowe\Aaron-Rowe,Huddersfield,13,17,76.5,191,90,0,0,0,0,0,0,0,1,Matches
John Ruddy\John-Ruddy,Wolves,15,21,71.4,593,437,0,0,0,0,0,0,0,0,Matches
Antonio Rüdiger\Antonio-Rudiger,Chelsea,2310,2528,91.4,48449,15729,0,0.5,-0.5,5,177,10,0,149,Matches
Mathew Ryan\Mathew-Ryan,Brighton,551,1017,54.2,25422,19509,0,0,0,0,38,0,0,0,Matches
Abdelhamid Sabiri\Abdelhamid-Sabiri,Huddersfield,8,10,80,109,13,0,0,0,0,0,0,0,0,Matches
Romain Saïss\Romain-Saiss,Wolves,553,706,78.3,12205,3854,0,0.3,-0.3,3,60,5,2,59,Matches
Bukayo Saka\Bukayo-Saka,Arsenal,0,0,,0,0,0,0,0,0,0,0,0,0,Matches
Mamadou Sakho\Mamadou-Sakho,Crystal Palace,1135,1285,88.3,22516,10185,0,0.5,-0.5,7,81,3,0,100,Matches
Bakary Sako\Bakary-Sako,Crystal Palace,9,13,69.2,175,10,0,0,0,0,1,0,0,0,Matches
Mohamed Salah\Mohamed-Salah,Liverpool,864,1150,75.1,12874,3831,8,9.1,-1.1,68,58,74,7,158,Matches
Alexis Sánchez\Alexis-Sanchez,Manchester Utd,292,409,71.4,5023,1544,3,3.1,-0.1,20,25,26,5,51,Matches
Carlos Sánchez\Carlos-Sanchez,West Ham,124,140,88.6,2633,552,0,0.1,-0.1,2,14,1,0,10,Matches
Davinson Sánchez\Davinson-Sanchez,Tottenham,1289,1424,90.5,27790,7391,1,0,1,1,42,0,0,52,Matches
Leroy Sané\Leroy-Sane,Manchester City,750,954,78.6,10896,2395,10,6.6,3.4,36,26,39,2,93,Matches
Fabian Schär\Fabian-Schar,Newcastle Utd,699,1029,67.9,18070,8149,1,0.6,0.4,11,86,9,1,77,Matches
Christopher Schindler\Christopher-Schindler,Huddersfield,1271,1501,84.7,28298,8473,0,0.2,-0.2,1,74,2,0,71,Matches
Jeffrey Schlupp\Jeffrey-Schlupp,Crystal Palace,484,646,74.9,7386,2273,1,1.5,-0.5,17,49,12,3,60,Matches
Kasper Schmeichel\Kasper-Schmeichel,Leicester City,825,1208,68.3,30971,19665,0,0.4,-0.4,1,10,0,0,3,Matches
Morgan Schneiderlin\Morgan-Schneiderlin,Everton,484,544,89,8828,2093,1,0.6,0.4,9,48,4,0,29,Matches
André Schürrle\Andre-Schurrle,Fulham,426,571,74.6,6862,1662,0,1.6,-1.6,21,33,26,9,52,Matches
Ken Sema\Ken-Sema,Watford,186,261,71.3,2729,583,2,0.4,1.6,7,11,5,0,20,Matches
Jean Seri\Jean-Seri,Fulham,1433,1712,83.7,27643,7130,2,3.8,-1.8,55,124,24,5,172,Matches
Ryan Sessegnon\Ryan-Sessegnon,Fulham,582,829,70.2,9632,3688,6,4.8,1.2,30,34,16,4,91,Matches
Xherdan Shaqiri\Xherdan-Shaqiri,Liverpool,545,695,78.4,9989,2667,3,1.9,1.1,19,49,36,7,80,Matches
Luke Shaw\Luke-Shaw,Manchester Utd,1657,1984,83.5,25802,11131,4,3.5,0.5,33,122,36,9,238,Matches
Jonjo Shelvey\Jonjo-Shelvey,Newcastle Utd,458,678,67.6,11182,4414,1,1.4,-0.4,24,79,20,6,99,Matches
Gylfi Sigurðsson\Gylfi-Sigurdsson,Everton,830,1231,67.4,14768,5597,6,7,-1,72,99,48,8,190,Matches
Adrien Silva\Adrien-Silva,Leicester City,70,79,88.6,1225,319,0,0,0,0,9,1,0,6,Matches
Bernardo Silva\Bernardo-Silva,Manchester City,1513,1798,84.1,25650,5777,7,7.4,-0.4,70,96,57,5,168,Matches
David Silva\David-Silva,Manchester City,1783,2083,85.6,29033,6374,8,9,-1,73,136,84,5,204,Matches
Xande Silva\Xande-Silva,West Ham,3,5,60,35,2,0,0,0,1,0,0,0,0,Matches
Danny Simpson\Danny-Simpson,Leicester City,108,154,70.1,2075,913,0,0,0,1,5,0,0,21,Matches
Jack Simpson\Jack-Simpson,Bournemouth,191,225,84.9,4173,1490,0,0.1,-0.1,1,12,1,0,10,Matches
Josh Sims\Josh-Sims,Southampton,36,46,78.3,532,153,1,0.5,0.5,2,1,2,2,3,Matches
Moussa Sissoko\Moussa-Sissoko,Tottenham,1205,1397,86.3,20391,4909,3,2.4,0.6,23,106,13,3,102,Matches
Oliver Skipp\Oliver-Skipp,Tottenham,116,137,84.7,2054,451,0,0,0,1,7,0,0,5,Matches
Callum Slattery\Callum-Slattery,Southampton,21,32,65.6,363,92,0,0,0,0,3,1,0,3,Matches
Chris Smalling\Chris-Smalling,Manchester Utd,800,924,86.6,16968,4212,0,0.4,-0.4,3,21,1,0,38,Matches
Adam Smith\Adam-Smith,Bournemouth,860,1072,80.2,14416,5450,1,0.8,0.2,10,73,16,3,116,Matches
Tommy Smith\Tommy-Smith,Huddersfield,470,618,76.1,8737,3011,0,0.5,-0.5,9,32,7,4,57,Matches
Robert Snodgrass\Robert-Snodgrass,West Ham,875,1156,75.7,14746,4474,5,4.9,0.1,61,81,31,6,138,Matches
Cédric Soares\Cedric-Soares,Southampton,577,822,70.2,10022,4230,2,1.2,0.8,13,50,20,10,91,Matches
Ramadan Sobhi\Ramadan-Sobhi,Huddersfield,37,44,84.1,456,165,0,0.3,-0.3,4,0,3,1,7,Matches
Dominic Solanke\Dominic-Solanke,Bournemouth,73,101,72.3,894,185,1,0.6,0.4,8,3,2,0,6,Matches
Pape Souaré\Pape-Souare,Crystal Palace,3,3,100,88,0,0,0,0,0,0,0,0,0,Matches
Ça?lar Söyüncü\Caglar-Soyuncu,Leicester City,183,215,85.1,3477,1215,0,0,0,0,11,2,1,16,Matches
Julián Speroni\Julian-Speroni,Crystal Palace,16,36,44.4,809,687,0,0,0,0,2,0,0,0,Matches
Junior Stanislas\Junior-Stanislas,Bournemouth,409,537,76.2,6607,2288,3,2.1,0.9,15,30,29,5,66,Matches
Dale Stephens\Dale-Stephens,Brighton,1145,1369,83.6,25024,6533,1,0.8,0.2,21,140,11,0,126,Matches
Jack Stephens\Jack-Stephens,Southampton,599,793,75.5,12501,5043,0,0.1,-0.1,4,51,4,0,60,Matches
Raheem Sterling\Raheem-Sterling,Manchester City,1099,1337,82.2,15362,3204,9,9.2,-0.2,58,22,52,5,100,Matches
John Stones\John-Stones,Manchester City,1646,1741,94.5,33895,9566,0,0.2,-0.2,5,111,5,0,86,Matches
Daniel Sturridge\Daniel-Sturridge,Liverpool,148,188,78.7,2544,746,1,1.2,-0.2,8,13,11,0,31,Matches
Denis Suárez\Denis-Suarez,Arsenal,32,35,91.4,444,69,0,0,0,0,2,1,0,2,Matches
Isaac Success\Isaac-Success,Watford,262,369,71,4137,885,1,2.1,-1.1,19,14,22,4,35,Matches
Ki Sung-yueng\Ki-Sung-yueng,Newcastle Utd,520,644,80.7,11230,3045,1,0.9,0.1,15,52,8,0,82,Matches
Andrew Surman\Andrew-Surman,Bournemouth,725,839,86.4,13930,3962,0,0.7,-0.7,9,66,18,1,85,Matches
Sam Surridge\Sam-Surridge,Bournemouth,3,5,60,34,0,0,0.1,-0.1,1,0,0,0,0,Matches
Alexander Sørloth\Alexander-Sorloth,Crystal Palace,41,62,66.1,575,126,0,0.6,-0.6,3,2,1,0,5,Matches
Matt Targett\Matt-Targett,Southampton,456,688,66.3,8192,4023,3,2.5,0.5,22,34,14,8,107,Matches
James Tarkowski\James-Tarkowski,Burnley,790,1117,70.7,19562,7659,1,0.3,0.7,6,91,13,0,102,Matches
Charlie Taylor\Charlie-Taylor,Burnley,1224,1707,71.7,22327,9588,1,1.1,-0.1,12,66,22,13,163,Matches
Youri Tielemans\Youri-Tielemans,Leicester City,542,645,84,10283,2343,4,2.5,1.5,19,65,13,3,71,Matches
James Tomkins\James-Tomkins,Crystal Palace,915,1089,84,21711,6868,1,0.9,0.1,6,62,1,0,51,Matches
Lucas Torreira\Lucas-Torreira,Arsenal,1420,1623,87.5,26416,6358,2,1.3,0.7,16,104,18,1,137,Matches
Cenk Tosun\Cenk-Tosun,Everton,190,255,74.5,2712,511,3,0.5,2.5,11,9,9,1,18,Matches
Andros Townsend\Andros-Townsend,Crystal Palace,895,1237,72.4,14634,3903,4,5.2,-1.2,64,56,44,21,134,Matches
Adama Traoré\Adama-Traore,Wolves,240,334,71.9,4012,1228,1,1.8,-0.8,17,17,20,13,45,Matches
Mark Travers\Mark-Travers,Bournemouth,43,57,75.4,1271,698,0,0,0,0,0,0,0,1,Matches
Kieran Trippier\Kieran-Trippier,Tottenham,1515,2000,75.8,29627,11796,3,4.2,-1.2,48,94,65,30,262,Matches
Antonio Valencia\Antonio-Valencia,Manchester Utd,275,321,85.7,4635,1872,0,0.6,-0.6,7,23,7,4,40,Matches
Yan Valery\Yan-Valery,Southampton,380,621,61.2,6565,2881,1,0.2,0.8,5,31,7,3,83,Matches
Jamie Vardy\Jamie-Vardy,Leicester City,286,443,64.6,4490,864,4,4.4,-0.4,29,13,17,5,38,Matches
Jan Vertonghen\Jan-Vertonghen,Tottenham,1338,1535,87.2,28046,8789,0,0.2,-0.2,3,121,7,3,93,Matches
Jannik Vestergaard\Jannik-Vestergaard,Southampton,671,887,75.6,13485,5150,0,0.6,-0.6,6,66,2,0,73,Matches
Luciano Vietto\Luciano-Vietto,Fulham,334,435,76.8,5212,1208,4,2.2,1.8,23,16,12,4,30,Matches
Rúben Vinagre\Ruben-Vinagre,Wolves,301,424,71,4792,1804,0,0.8,-0.8,6,18,7,6,50,Matches
Sam Vokes\Sam-Vokes,Burnley,151,259,58.3,1987,492,0,0.5,-0.5,6,18,4,1,21,Matches
Michel Vorm\Michel-Vorm,Tottenham,51,59,86.4,1224,603,0,0,0,0,0,0,0,0,Matches
Mat?j Vydra\Matej-Vydra,Burnley,46,77,59.7,626,83,1,0.2,0.8,1,0,4,0,4,Matches
Theo Walcott\Theo-Walcott,Everton,447,631,70.8,6647,2053,2,2.5,-0.5,21,41,18,11,66,Matches
Kyle Walker\Kyle-Walker,Manchester City,2337,2655,88,46092,11890,1,1.7,-0.7,24,252,29,4,189,Matches
Kyle Walker-Peters\Kyle-Walker-Peters,Tottenham,186,226,82.3,2926,1001,3,0.7,2.3,8,6,4,2,21,Matches
Aaron Wan-Bissaka\Aaron-Wan-Bissaka,Crystal Palace,1156,1537,75.2,17192,8382,3,1.8,1.2,14,84,23,8,164,Matches
Victor Wanyama\Victor-Wanyama,Tottenham,259,314,82.5,4587,906,0,0,0,2,19,0,0,16,Matches
Danny Ward\Danny-Ward,Cardiff City,47,85,55.3,807,189,0,0.2,-0.2,4,5,1,0,8,Matches
Joel Ward\Joel-Ward,Crystal Palace,185,256,72.3,3043,1705,0,0.2,-0.2,3,19,3,1,28,Matches
Stephen Ward\Stephen-Ward,Burnley,112,154,72.7,2162,878,0,0.1,-0.1,1,9,2,1,16,Matches
James Ward-Prowse\James-Ward-Prowse,Southampton,622,913,68.1,11436,3571,0,3.2,-3.2,44,52,12,5,88,Matches
Danny Welbeck\Danny-Welbeck,Arsenal,41,54,75.9,671,266,1,0.7,0.3,7,7,3,0,11,Matches
Ashley Westwood\Ashley-Westwood,Burnley,1111,1504,73.9,22653,7205,7,5.1,1.9,43,142,41,10,200,Matches
Connor Wickham\Connor-Wickham,Crystal Palace,6,13,46.2,74,26,1,0.3,0.7,1,0,0,0,1,Matches
Georginio Wijnaldum\Georginio-Wijnaldum,Liverpool,1620,1778,91.1,28561,6236,0,1.2,-1.2,21,191,18,2,131,Matches
Danny Williams\Danny-Williams,Huddersfield,20,26,76.9,339,88,0,0,0,1,3,0,0,3,Matches
Willian\Willian,Chelsea,1100,1414,77.8,19101,5127,6,6.2,-0.2,82,62,52,13,186,Matches
Joe Willock\Joe-Willock,Arsenal,12,12,100,207,29,0,0,0,0,2,0,0,0,Matches
Ben Wilmot\Ben-Wilmot,Watford,8,10,80,231,143,0,0,0,0,2,0,0,1,Matches
Jack Wilshere\Jack-Wilshere,West Ham,190,208,91.3,3263,607,1,0.4,0.6,5,20,2,0,11,Matches
Callum Wilson\Callum-Wilson,Bournemouth,319,456,70,4917,1214,9,4.2,4.8,28,17,20,3,45,Matches
Harry Winks\Harry-Winks,Tottenham,1286,1398,92,23997,4992,0,0.2,-0.2,6,136,13,0,85,Matches
Chris Wood\Chris-Wood,Burnley,406,614,66.1,5246,1004,2,2,0,15,19,10,1,26,Matches
Granit Xhaka\Granit-Xhaka,Arsenal,1955,2378,82.2,40479,11996,2,3.6,-1.6,38,229,36,10,272,Matches
Andriy Yarmolenko\Andriy-Yarmolenko,West Ham,168,214,78.5,2806,801,0,0.5,-0.5,5,8,10,1,20,Matches
DeAndre Yedlin\DeAndre-Yedlin,Newcastle Utd,784,1097,71.5,13744,6354,2,2.9,-0.9,29,47,31,13,156,Matches
Maya Yoshida\Maya-Yoshida,Southampton,424,543,78.1,8508,2929,1,0.4,0.6,6,35,2,0,33,Matches
Ashley Young\Ashley-Young,Manchester Utd,1380,1904,72.5,27132,11875,2,3.4,-1.4,42,118,33,12,259,Matches
Pablo Zabaleta\Pablo-Zabaleta,West Ham,863,1146,75.3,13862,5935,1,0.8,0.2,7,70,11,4,145,Matches
Wilfried Zaha\Wilfried-Zaha,Crystal Palace,839,1094,76.7,12534,3684,5,5.6,-0.6,54,61,68,10,147,Matches
Andre-Frank Zambo Anguissa\Andre-Frank-Zambo-Anguissa,Fulham,931,1063,87.6,15819,4580,0,0.4,-0.4,7,96,6,1,83,Matches
Davide Zappacosta\Davide-Zappacosta,Chelsea,77,91,84.6,1256,350,0,0.1,-0.1,1,2,1,1,7,Matches
Oleksandr Zinchenko\Oleksandr-Zinchenko,Manchester City,1208,1338,90.3,21165,5392,3,1.3,1.7,12,131,21,4,117,Matches
Kenneth Zohore\Kenneth-Zohore,Cardiff City,101,153,66,1408,280,1,1.1,-0.1,13,6,4,2,10,Matches
Kurt Zouma\Kurt-Zouma,Everton,1218,1429,85.2,26415,8401,2,0.3,1.7,6,71,4,0,87,Matches
