,,,,,,,Playing Time,Playing Time,Playing Time,Playing Time,Playing Time,Starts,Starts,Subs,Subs,Subs,Team Success,Team Success,Team Success,Team Success,Team Success,Team Success,Team Success (xG),Team Success (xG),Team Success (xG),Team Success (xG),Team Success (xG),
Rk,Player,Nation,Pos,Squad,Age,Born,MP,Min,Mn/MP,Min%,90s,Starts,Mn/Start,Subs,Mn/Sub,unSub,PPM,onG,onGA,+/-,+/-90,On-Off,onxG,onxGA,xG+/-,xG+/-90,On-Off,Matches
1,Patrick van Aanholt\Patrick-van-Aanholt,nl NED,DF,Crystal Palace,27,1990,36,3195,89,93.4,35.5,36,89,0,,2,1.19,44,47,-3,-0.08,-0.48,45.8,44.2,1.5,0.04,0,Matches
2,Adrián\Adrian,es ESP,GK,West Ham,31,1987,0,,,,,0,,0,,38,,,,,,,,,,,,Matches
3,Sergio Agüero\Sergio-Aguero,ar ARG,FW,Manchester City,30,1988,33,2459,75,71.9,27.3,31,78,2,27,1,2.61,72,15,57,2.09,0.68,60.3,18.9,41.3,1.51,0.1,Matches
4,Nathan Aké\Nathan-Ake,nl NED,DF,Bournemouth,23,1995,38,3411,90,99.7,37.9,38,90,0,,0,1.18,56,70,-14,-0.37,-0.37,53.2,55.7,-2.5,-0.07,0.21,Matches
5,Marc Albrighton\Marc-Albrighton,eng ENG,FWMF,Leicester City,28,1989,27,1625,60,47.5,18.1,18,78,9,25,2,1.37,18,17,1,0.06,-0.04,19.6,23,-3.4,-0.19,-0.7,Matches
6,Toby Alderweireld\Toby-Alderweireld,be BEL,DF,Tottenham,29,1989,34,2922,86,85.4,32.5,33,88,1,19,3,1.91,56,31,25,0.77,0.23,48.4,37.2,11.2,0.34,0.51,Matches
7,Trent Alexander-Arnold\Trent-Alexander-Arnold,eng ENG,DF,Liverpool,19,1998,29,2462,85,72,27.4,27,88,2,40,4,2.69,67,14,53,1.94,0.62,58.3,22.2,36.1,1.32,0.62,Matches
8,Alisson\Alisson,br BRA,GK,Liverpool,25,1992,38,3420,90,100,38,38,90,0,,0,2.55,89,22,67,1.76,,73.4,29.9,43.5,1.15,,Matches
9,Dele Alli\Dele-Alli,eng ENG,MFFW,Tottenham,22,1996,25,1825,73,53.4,20.3,22,81,3,13,0,1.72,32,21,11,0.54,-0.42,29.8,21.1,8.7,0.43,0.35,Matches
10,Miguel Almirón\Miguel-Almiron,py PAR,FWMF,Newcastle Utd,24,1994,10,759,76,22.2,8.4,9,82,1,18,0,1.7,11,11,0,0,0.2,11.6,9.2,2.4,0.28,0.82,Matches
11,Marcos Alonso\Marcos-Alonso,es ESP,DF,Chelsea,27,1990,31,2759,89,80.7,30.7,31,89,0,,1,1.97,52,28,24,0.78,0.78,48.5,28.2,20.2,0.66,0.23,Matches
12,Daniel Amartey\Daniel-Amartey,gh GHA,DF,Leicester City,23,1994,9,641,71,18.7,7.1,7,86,2,19,1,1.44,10,9,1,0.14,0.08,7,8.3,-1.3,-0.18,-0.44,Matches
13,Luke Amos\Luke-Amos,eng ENG,MF,Tottenham,21,1997,1,3,3,0.1,0,0,,1,2,1,3,0,0,0,0,-0.74,0,0,0,0,-0.27,Matches
14,Ethan Ampadu\Ethan-Ampadu,wal WAL,MF,Chelsea,17,2000,0,,,,,0,,0,,4,,,,,,,,,,,,Matches
15,Felipe Anderson\Felipe-Anderson,br BRA,FWMF,West Ham,25,1993,36,3043,85,89,33.8,36,85,0,,0,1.36,48,49,-1,-0.03,0.45,45,54.3,-9.4,-0.28,0.33,Matches
16,Florin Andone\Florin-Andone,ro ROU,FW,Brighton,25,1993,23,881,38,25.8,9.8,8,68,15,23,5,0.78,7,14,-7,-0.72,-0.08,8,12.3,-4.3,-0.44,0.18,Matches
17,Michail Antonio\Michail-Antonio,eng ENG,FWMF,West Ham,28,1990,33,2103,64,61.5,23.4,22,84,11,24,2,1.3,29,30,-1,-0.04,0.09,31.3,39.8,-8.5,-0.36,-0.13,Matches
18,Stuart Armstrong\Stuart-Armstrong,sco SCO,MFFW,Southampton,26,1992,29,1432,49,41.9,15.9,16,75,13,18,5,0.93,21,26,-5,-0.31,0.36,17.3,24.2,-6.9,-0.43,-0.31,Matches
19,Marko Arnautovi?\Marko-Arnautovic,at AUT,FW,West Ham,29,1989,28,1990,71,58.2,22.1,24,78,4,28,0,1.43,28,34,-6,-0.27,-0.46,29,32.6,-3.6,-0.16,0.36,Matches
20,Kepa Arrizabalaga\Kepa-Arrizabalaga,es ESP,GK,Chelsea,23,1994,36,3240,90,94.7,36,36,90,0,,2,1.89,61,39,22,0.61,-0.39,56.3,34.4,22,0.61,-0.05,Matches
21,Harry Arter\Harry-Arter,ie IRL,MF,Cardiff City,28,1989,25,1997,80,58.4,22.2,24,83,1,0,2,0.88,19,39,-20,-0.9,0.05,23.1,31.7,-8.7,-0.39,0.45,Matches
22,Christian Atsu\Christian-Atsu,gh GHA,MFFW,Newcastle Utd,26,1992,28,1493,53,43.7,16.6,15,85,13,17,5,1.14,19,18,1,0.06,0.39,14.4,23.6,-9.1,-0.55,-0.34,Matches
23,Pierre-Emerick Aubameyang\Pierre-Emerick-Aubameyang,ga GAB,FW,Arsenal,29,1989,36,2726,76,79.7,30.3,30,85,6,30,0,1.86,58,42,16,0.53,-0.25,48,46.2,1.8,0.06,-0.06,Matches
24,Serge Aurier\Serge-Aurier,ci CIV,DFMF,Tottenham,25,1992,8,564,71,16.5,6.3,6,81,2,40,11,2.25,12,9,3,0.48,-0.31,8.4,7.4,1,0.16,-0.13,Matches
25,Charlie Austin\Charlie-Austin,eng ENG,FW,Southampton,29,1989,25,983,39,28.7,10.9,11,67,14,18,10,0.8,11,17,-6,-0.55,-0.03,13.3,16.1,-2.8,-0.26,-0.01,Matches
26,Jordan Ayew\Jordan-Ayew,gh GHA,FW,Crystal Palace,26,1991,20,1181,59,34.5,13.1,14,80,6,10,16,1.4,15,13,2,0.15,0.31,14.1,15.2,-1.1,-0.08,-0.19,Matches
27,Floyd Ayité\Floyd-Ayite,tg TOG,FWMF,Fulham,29,1988,16,476,30,13.9,5.3,3,79,13,18,11,0.69,3,13,-10,-1.89,-0.76,4.8,10.1,-5.3,-1,-0.38,Matches
28,César Azpilicueta\Cesar-Azpilicueta,es ESP,DF,Chelsea,28,1989,38,3402,90,99.5,37.8,38,90,0,,0,1.89,63,39,24,0.63,0.63,58.4,34.9,23.6,0.62,1.92,Matches
29,Ryan Babel\Ryan-Babel,nl NED,FW,Fulham,31,1986,16,1251,78,36.6,13.9,15,82,1,25,0,0.75,14,26,-12,-0.86,0.59,15.2,24.1,-8.9,-0.64,0.05,Matches
30,Juninho Bacuna\Juninho-Bacuna,cw CUW,MFDF,Huddersfield,20,1997,21,1412,67,41.3,15.7,16,82,5,21,5,0.38,9,36,-27,-1.72,-0.51,10.4,30.7,-20.3,-1.29,-0.66,Matches
31,Leandro Bacuna\Leandro-Bacuna,cw CUW,MFDF,Cardiff City,26,1991,11,561,51,16.4,6.2,4,92,7,28,3,1.36,7,14,-7,-1.12,-0.24,7,10.9,-3.9,-0.63,-0.06,Matches
32,Eric Bailly\Eric-Bailly,ci CIV,DF,Manchester Utd,24,1994,12,638,53,18.7,7.1,8,78,4,5,9,2.17,14,13,1,0.14,-0.18,8.8,9.5,-0.7,-0.1,-0.5,Matches
33,Leighton Baines\Leighton-Baines,eng ENG,DF,Everton,33,1984,6,375,63,11,4.2,5,72,1,14,25,1.5,8,6,2,0.48,0.3,3.9,6.3,-2.4,-0.57,-0.68,Matches
34,Fabián Balbuena\Fabian-Balbuena,py PAR,DF,West Ham,26,1991,23,2013,88,58.9,22.4,23,88,0,,4,1.35,33,32,1,0.04,0.3,31,33.9,-2.9,-0.13,0.45,Matches
35,Leon Balogun\Leon-Balogun,ng NGA,DF,Brighton,30,1988,8,594,74,17.4,6.6,5,91,3,47,18,1.25,6,10,-4,-0.61,0.06,6.3,9.1,-2.8,-0.43,0.19,Matches
36,Sol Bamba\Sol-Bamba,ci CIV,DF,Cardiff City,33,1985,28,2474,88,72.3,27.5,28,88,0,,1,0.89,25,52,-27,-0.98,-0.22,29,42.8,-13.8,-0.5,0.28,Matches
37,Phil Bardsley\Phil-Bardsley,sco SCO,DF,Burnley,33,1985,19,1670,88,48.8,18.6,19,88,0,,12,1.26,22,27,-5,-0.27,0.66,21.8,28.6,-6.8,-0.36,0.38,Matches
38,Ross Barkley\Ross-Barkley,eng ENG,MF,Chelsea,24,1993,27,1245,46,36.4,13.8,13,75,14,19,9,2,28,13,15,1.08,0.71,24.3,11.2,13.1,0.95,0.52,Matches
39,Ashley Barnes\Ashley-Barnes,at AUT,FW,Burnley,28,1989,37,2388,65,69.8,26.5,26,85,11,17,1,1,35,41,-6,-0.23,1.26,32.5,38.7,-6.2,-0.23,1.07,Matches
40,Harvey Barnes\Harvey-Barnes,eng ENG,FWMF,Leicester City,20,1997,16,1004,63,29.4,11.2,11,79,5,27,1,1.25,19,16,3,0.27,0.27,19.2,11.1,8.1,0.73,0.78,Matches
41,Antonio Barreca\Antonio-Barreca,it ITA,DF,Newcastle Utd,23,1995,1,5,5,0.1,0.1,0,,1,4,2,0,0,0,0,0,0.16,0,0.4,-0.4,-7.23,-6.88,Matches
42,Michy Batshuayi\Michy-Batshuayi,be BEL,FW,Crystal Palace,24,1993,11,750,68,21.9,8.3,9,79,2,19,3,2,18,11,7,0.84,1.14,12.6,10,2.6,0.31,0.34,Matches
43,Jan Bednarek\Jan-Bednarek,pl POL,DF,Southampton,22,1996,25,2151,86,62.9,23.9,24,88,1,35,1,1.2,32,37,-5,-0.21,0.85,26.6,34.4,-7.8,-0.33,-0.2,Matches
44,Asmir Begovi?\Asmir-Begovic,ba BIH,GK,Bournemouth,31,1987,24,2160,90,63.2,24,24,90,0,,12,1.13,32,47,-15,-0.62,-0.7,33,34,-1,-0.04,0.07,Matches
45,Héctor Bellerín\Hector-Bellerin,es ESP,DF,Arsenal,23,1995,19,1533,81,44.8,17,18,84,1,21,0,1.95,36,21,15,0.88,0.55,24.8,21,3.8,0.22,0.27,Matches
46,Joe Bennett\Joe-Bennett,eng ENG,DF,Cardiff City,28,1990,30,2639,88,77.2,29.3,30,88,0,,7,0.83,25,50,-25,-0.85,0.3,32.2,48.8,-16.7,-0.57,0.05,Matches
47,Ryan Bennett\Ryan-Bennett,eng ENG,DF,Wolves,28,1990,34,3060,90,89.5,34,34,90,0,,2,1.65,44,38,6,0.18,1.43,47.5,33.7,13.8,0.41,1,Matches
48,Josh Benson\Josh-Benson,eng ENG,MF,Burnley,18,1999,0,,,,,0,,0,,1,,,,,,,,,,,,Matches
49,Christian Benteke\Christian-Benteke,be BEL,FW,Crystal Palace,27,1990,16,814,51,23.8,9,9,80,7,14,4,1.25,11,13,-2,-0.22,-0.22,12.4,13.4,-1,-0.11,-0.2,Matches
50,Jóhann Berg Guðmundsson\Johann-Berg-Gudmundsson,is ISL,MFFW,Burnley,27,1990,29,1752,60,51.2,19.5,19,82,10,19,2,1,24,39,-15,-0.77,-0.34,23,35.2,-12.2,-0.63,-0.14,Matches
51,Bernard\Bernard,br BRA,FWMF,Everton,25,1992,34,2116,62,61.9,23.5,25,77,9,21,1,1.44,29,19,10,0.43,0.56,28,24.3,3.6,0.15,0.3,Matches
52,Bernardo\Bernardo,br BRA,DF,Brighton,23,1995,22,1752,80,51.2,19.5,19,89,3,19,12,1.09,17,29,-12,-0.62,0.09,16.1,23.9,-7.8,-0.4,0.37,Matches
53,Ryan Bertrand\Ryan-Bertrand,eng ENG,DF,Southampton,28,1989,24,2160,90,63.2,24,24,90,0,,1,0.96,26,42,-16,-0.67,-0.38,29.4,33.4,-4.1,-0.17,0.22,Matches
54,Marcus Bettinelli\Marcus-Bettinelli,eng ENG,GK,Fulham,26,1992,7,630,90,18.4,7,7,90,0,,15,0.71,10,20,-10,-1.43,-0.24,7.7,16,-8.3,-1.19,-0.63,Matches
55,Philip Billing\Philip-Billing,dk DEN,MF,Huddersfield,22,1996,27,2188,81,64,24.3,25,85,2,28,1,0.52,15,43,-28,-1.15,0.75,19,35.5,-16.4,-0.68,0.64,Matches
56,Yves Bissouma\Yves-Bissouma,ml MLI,MF,Brighton,21,1996,28,1774,63,51.9,19.7,17,88,11,26,6,0.93,16,32,-16,-0.81,-0.32,16.8,30.4,-13.6,-0.69,-0.23,Matches
57,Willy Boly\Willy-Boly,fr FRA,DF,Wolves,27,1991,36,3167,88,92.6,35.2,36,88,0,,0,1.42,40,41,-1,-0.03,-0.74,46.2,37.1,9.1,0.26,-0.55,Matches
58,Léo Bonatini\Leo-Bonatini,br BRA,FW,Wolves,24,1994,7,135,19,3.9,1.5,0,,7,18,12,1.43,4,0,4,2.67,2.75,5.7,0.9,4.7,3.15,2.96,Matches
59,Gaëtan Bong\Gaetan-Bong,cm CMR,DF,Brighton,30,1988,22,1808,82,52.9,20.1,19,90,3,32,16,0.77,18,34,-16,-0.8,-0.29,19.2,35.2,-15.9,-0.79,-0.45,Matches
60,Artur Boruc\Artur-Boruc,pl POL,GK,Bournemouth,38,1980,12,1080,90,31.6,12,12,90,0,,26,1.25,20,18,2,0.17,0.78,16.8,19,-2.2,-0.18,-0.17,Matches
61,Robbie Brady\Robbie-Brady,ie IRL,MFFW,Burnley,26,1992,16,720,45,21.1,8,6,85,10,21,5,0.69,8,16,-8,-1,-0.5,11.3,13.7,-2.4,-0.31,0.32,Matches
62,Claudio Bravo\Claudio-Bravo,cl CHI,GK,Manchester City,35,1983,0,,,,,0,,0,,2,,,,,,,,,,,,Matches
63,Miguel Britos\Miguel-Britos,uy URU,DF,Watford,33,1985,3,185,62,5.4,2.1,2,86,1,13,9,0.33,2,5,-3,-1.46,-1.35,1.8,4.2,-2.4,-1.17,-1.06,Matches
64,David Brooks\David-Brooks,wal WAL,MFFW,Bournemouth,21,1997,30,2261,75,66.1,25.1,29,77,1,18,3,1.37,40,41,-1,-0.04,0.97,36,33.8,2.2,0.09,0.45,Matches
65,Tyias Browning\Tyias-Browning,eng ENG,DF,Everton,24,1994,0,,,,,0,,0,,1,,,,,,,,,,,,Matches
66,Bruno\Bruno,es ESP,DF,Brighton,37,1980,14,1131,81,33.1,12.6,14,81,0,,9,1.14,10,17,-7,-0.56,0.15,9.7,17.8,-8.1,-0.65,-0.1,Matches
67,Joe Bryan\Joe-Bryan,eng ENG,DF,Fulham,24,1993,28,2345,84,68.6,26.1,27,86,1,13,4,0.75,22,54,-32,-1.23,0.03,28.3,42,-13.7,-0.53,0.46,Matches
68,Dan Burn\Dan-Burn,eng ENG,DF,Brighton,26,1992,0,,,,,0,,0,,14,,,,,,,,,,,,Matches
69,Matt Butcher\Matt-Butcher,eng ENG,MF,Bournemouth,21,1997,0,,,,,0,,0,,1,,,,,,,,,,,,Matches
70,David Button\David-Button,eng ENG,GK,Brighton,29,1989,4,360,90,10.5,4,4,90,0,,25,1,4,5,-1,-0.25,0.46,2.7,6.2,-3.5,-0.89,-0.34,Matches
71,Willy Caballero\Willy-Caballero,ar ARG,GK,Chelsea,36,1981,2,180,90,5.3,2,2,90,0,,36,2,2,0,2,1,0.39,2.2,0.9,1.3,0.66,0.05,Matches
72,Gary Cahill\Gary-Cahill,eng ENG,DF,Chelsea,32,1985,2,24,12,0.7,0.3,0,,2,11,8,2,0,0,0,0,-0.64,0.5,0.3,0.1,0.43,-0.18,Matches
73,Tom Cairney\Tom-Cairney,sco SCO,MFFW,Fulham,27,1991,31,2194,71,64.2,24.4,24,82,7,32,1,0.68,22,51,-29,-1.19,0.13,25.2,38.1,-13,-0.53,0.39,Matches
74,Dominic Calvert-Lewin\Dominic-Calvert-Lewin,eng ENG,FW,Everton,21,1997,35,1784,51,52.2,19.8,19,85,16,11,2,1.4,29,26,3,0.15,-0.12,25.5,21.9,3.6,0.18,0.29,Matches
75,Rafael Camacho\Rafael-Camacho,pt POR,DF,Liverpool,18,2000,1,1,1,0,0,0,,1,0,7,3,0,1,-1,-90,-91.79,0,0.2,-0.2,-16.29,-17.44,Matches
76,Víctor Camarasa\Victor-Camarasa,es ESP,MF,Cardiff City,24,1994,32,2569,80,75.1,28.5,31,83,1,7,1,0.88,25,53,-28,-0.98,-0.24,26,45.9,-19.9,-0.7,-0.47,Matches
77,Étienne Capoue\Etienne-Capoue,fr FRA,MF,Watford,30,1988,33,2944,89,86.1,32.7,33,89,0,,0,1.36,44,48,-4,-0.12,0.44,39.8,45.6,-5.8,-0.18,-0.05,Matches
78,Andy Carroll\Andy-Carroll,eng ENG,FW,West Ham,29,1989,12,461,38,13.5,5.1,3,69,9,28,4,1.42,4,7,-3,-0.59,-0.59,6.9,8.3,-1.3,-0.26,0.06,Matches
79,Lewis Cass\Lewis-Cass,eng ENG,DF,Newcastle Utd,18,2000,0,,,,,0,,0,,1,,,,,,,,,,,,Matches
80,Jonny Castro\Jonny-Castro,es ESP,DFMF,Wolves,24,1994,33,2771,84,81,30.8,32,86,1,14,1,1.45,37,39,-2,-0.06,-0.48,38.1,32.5,5.6,0.18,-0.63,Matches
81,Craig Cathcart\Craig-Cathcart,nir NIR,DF,Watford,29,1989,36,3096,86,90.5,34.4,35,88,1,8,1,1.36,49,54,-5,-0.15,0.41,44.2,48.9,-4.7,-0.14,0.34,Matches
82,Ivan Cavaleiro\Ivan-Cavaleiro,pt POR,FWMF,Wolves,24,1993,23,693,30,20.3,7.7,6,68,17,17,9,1.48,10,11,-1,-0.13,-0.2,10.4,8.2,2.2,0.29,-0.02,Matches
83,Petr ?ech\Petr-Cech,cz CZE,GK,Arsenal,36,1982,7,584,83,17.1,6.5,7,83,0,,29,2.14,12,9,3,0.46,-0.14,7.8,8.6,-0.8,-0.13,-0.24,Matches
84,Nathaniel Chalobah\Nathaniel-Chalobah,eng ENG,MFFW,Watford,23,1994,9,270,30,7.9,3,3,75,6,8,11,1.22,1,7,-6,-2,-1.97,3.3,4.8,-1.5,-0.49,-0.35,Matches
85,Calum Chambers\Calum-Chambers,eng ENG,MFDF,Fulham,23,1995,31,2588,83,75.7,28.8,29,89,2,11,2,0.84,26,52,-26,-0.9,1.37,31.3,44.2,-13,-0.45,0.91,Matches
86,Ben Chilwell\Ben-Chilwell,eng ENG,DF,Leicester City,21,1996,36,3240,90,94.7,36,36,90,0,,0,1.44,50,43,7,0.19,2.19,47.1,40.8,6.2,0.17,-0.07,Matches
87,Tahith Chong\Tahith-Chong,nl NED,FW,Manchester Utd,18,1999,2,38,19,1.1,0.4,0,,2,18,1,2,0,1,-1,-2.37,-2.69,0.8,0.5,0.3,0.77,0.47,Matches
88,Hamza Choudhury\Hamza-Choudhury,eng ENG,MF,Leicester City,20,1997,9,595,66,17.4,6.6,7,82,2,9,4,1.89,5,4,1,0.15,0.09,6.1,8.4,-2.3,-0.35,-0.64,Matches
89,Andreas Christensen\Andreas-Christensen,dk DEN,DF,Chelsea,22,1996,8,617,77,18,6.9,6,90,2,38,22,1.75,16,7,9,1.31,0.83,12.1,6.2,5.9,0.86,0.3,Matches
90,Cyrus Christie\Cyrus-Christie,ie IRL,DF,Fulham,25,1992,28,1948,70,57,21.6,19,85,9,36,10,0.75,17,42,-25,-1.16,0.19,21.2,35.4,-14.2,-0.66,0.03,Matches
91,Ibrahima Cissé\Ibrahima-Cisse,gn GUI,MFFW,Fulham,24,1994,3,88,29,2.6,1,1,62,2,13,8,0,0,4,-4,-4.09,-2.93,0.5,2.9,-2.4,-2.49,-1.86,Matches
92,Ciaran Clark\Ciaran-Clark,ie IRL,DF,Newcastle Utd,28,1989,11,858,78,25.1,9.5,9,89,2,29,9,0.91,9,15,-6,-0.63,-0.63,7.8,14.6,-6.8,-0.72,-0.48,Matches
93,Tom Cleverley\Tom-Cleverley,eng ENG,MFFW,Watford,28,1989,13,478,37,14,5.3,4,86,9,15,2,1.62,6,7,-1,-0.19,0,5.4,11.3,-5.9,-1.11,-1.1,Matches
95,Nathaniel Clyne\Nathaniel-Clyne,eng ENG,DF,Bournemouth,27,1991,14,1143,82,33.4,12.7,13,84,1,46,1,1.07,18,25,-7,-0.55,-0.27,15.9,20.3,-4.3,-0.34,-0.41,Matches
96,Conor Coady\Conor-Coady,eng ENG,DF,Wolves,25,1993,38,3420,90,100,38,38,90,0,,0,1.5,47,46,1,0.03,,49.9,38.5,11.4,0.3,,Matches
97,Joel Coleman\Joel-Coleman,eng ENG,GK,Huddersfield,22,1995,1,90,90,2.6,1,1,90,0,,7,1,1,1,0,0,1.46,1.1,0.5,0.6,0.61,1.56,Matches
98,Séamus Coleman\Seamus-Coleman,ie IRL,DF,Everton,29,1988,29,2558,88,74.8,28.4,29,88,0,,3,1.62,43,30,13,0.46,0.98,35.2,32.3,2.9,0.1,0.24,Matches
99,Matthew Connolly\Matthew-Connolly,eng ENG,DF,Cardiff City,30,1987,0,,,,,0,,0,,1,,,,,,,,,,,,Matches
100,Lewis Cook\Lewis-Cook,eng ENG,MF,Bournemouth,21,1997,13,723,56,21.1,8,8,85,5,9,2,1.54,15,10,5,0.62,1.26,12.4,11.7,0.7,0.09,0.2,Matches
101,Steve Cook\Steve-Cook,eng ENG,DF,Bournemouth,27,1991,31,2786,90,81.5,31,31,90,0,,0,1.29,48,56,-8,-0.26,0.59,43.8,45.1,-1.3,-0.04,0.13,Matches
102,Jack Cork\Jack-Cork,eng ENG,MF,Burnley,29,1989,37,3312,90,96.8,36.8,37,90,0,,0,1.08,43,63,-20,-0.54,1.96,41.2,59.6,-18.4,-0.5,1.81,Matches
103,Hélder Costa\Helder-Costa,pt POR,FWMF,Wolves,24,1994,25,1341,54,39.2,14.9,16,72,9,21,13,1.32,16,19,-3,-0.2,-0.37,18.8,13.6,5.1,0.34,0.07,Matches
104,Conor Coventry\Conor-Coventry,ie IRL,MF,West Ham,18,2000,0,,,,,0,,0,,4,,,,,,,,,,,,Matches
105,Aaron Cresswell\Aaron-Cresswell,eng ENG,DF,West Ham,28,1989,20,1589,79,46.5,17.7,18,85,2,30,7,1.3,21,26,-5,-0.28,-0.38,20.9,25.6,-4.8,-0.27,0.08,Matches
106,Peter Crouch\Peter-Crouch,eng ENG,FW,Burnley,37,1981,6,92,15,2.7,1,0,,6,14,3,0.17,3,3,0,0,0.62,3.6,2.1,1.5,1.46,2.07,Matches
107,Greg Cunningham\Greg-Cunningham,ie IRL,DF,Cardiff City,27,1991,7,630,90,18.4,7,7,90,0,,20,0.86,5,17,-12,-1.71,-0.97,6.3,11,-4.7,-0.67,-0.11,Matches
108,Diogo Dalot\Diogo-Dalot,pt POR,DFMF,Manchester Utd,19,1999,16,1013,63,29.6,11.3,12,79,4,18,6,1.69,21,18,3,0.27,-0.03,18.3,15,3.3,0.29,-0.01,Matches
109,Matty Daly\Matty-Daly,eng ENG,MF,Huddersfield,17,2001,2,75,38,2.2,0.8,0,,2,37,6,0.5,1,1,0,0,1.45,0.7,1.2,-0.5,-0.61,0.31,Matches
110,Loïc Damour\Loic-Damour,fr FRA,MF,Cardiff City,27,1991,2,23,12,0.7,0.3,0,,2,11,2,1.5,2,2,0,0,0.93,1,1,0,-0.02,0.56,Matches
111,Joe Daniel Tupper\Joe-Daniel-Tupper,eng ENG,GK,Crystal Palace,20,1997,0,,,,,0,,0,,1,,,,,,,,,,,,Matches
112,Charlie Daniels\Charlie-Daniels,eng ENG,DF,Bournemouth,31,1986,21,1585,75,46.3,17.6,17,88,4,24,4,1.29,25,34,-9,-0.51,-0.27,23.2,24.6,-1.5,-0.08,-0.03,Matches
113,Danilo\Danilo,br BRA,DF,Manchester City,27,1991,11,807,73,23.6,9,9,89,2,2,15,2.45,19,7,12,1.34,-0.73,19.2,6.6,12.7,1.41,-0.09,Matches
114,Scott Dann\Scott-Dann,eng ENG,DF,Crystal Palace,31,1987,10,663,66,19.4,7.4,7,90,3,10,9,2,16,10,6,0.81,1.08,12.3,9,3.3,0.45,0.5,Matches
115,Karl Darlow\Karl-Darlow,eng ENG,GK,Newcastle Utd,27,1990,0,,,,,0,,0,,23,,,,,,,,,,,,Matches
116,Matteo Darmian\Matteo-Darmian,it ITA,DF,Manchester Utd,28,1989,6,443,74,13,4.9,5,89,1,0,10,1.33,5,8,-3,-0.61,-1.03,5.3,6.4,-1.1,-0.22,-0.6,Matches
117,Ben Davies\Ben-Davies,wal WAL,DF,Tottenham,25,1993,27,1844,68,53.9,20.5,20,90,7,7,7,1.7,36,26,10,0.49,-0.54,30.4,23,7.4,0.36,0.2,Matches
118,Tom Davies\Tom-Davies,eng ENG,MF,Everton,20,1998,16,980,61,28.7,10.9,10,89,6,16,20,1.63,13,19,-6,-0.55,-1.07,9.9,17,-7.1,-0.65,-0.97,Matches
119,Steven Davis\Steven-Davis,nir NIR,MF,Southampton,33,1985,3,98,33,2.9,1.1,1,92,2,3,7,0.67,1,4,-3,-2.76,-2.29,2.3,2.6,-0.3,-0.31,-0.06,Matches
120,Kevin De Bruyne\Kevin-De-Bruyne,be BEL,MF,Manchester City,27,1991,19,975,51,28.5,10.8,11,74,8,21,1,2.53,28,3,25,2.31,0.58,24.7,6.6,18.1,1.67,0.25,Matches
121,Troy Deeney\Troy-Deeney,eng ENG,FW,Watford,30,1988,32,2545,80,74.4,28.3,28,86,4,36,0,1.25,41,44,-3,-0.11,0.31,36,42.2,-6.2,-0.22,-0.19,Matches
122,Jermain Defoe\Jermain-Defoe,eng ENG,DFFW,Bournemouth,35,1982,4,25,6,0.7,0.3,0,,4,5,16,1.5,0,2,-2,-7.2,-6.88,1.2,0.8,0.3,1.22,1.3,Matches
123,Steven Defour\Steven-Defour,be BEL,MF,Burnley,30,1988,6,448,75,13.1,5,6,75,0,,3,0.17,3,14,-11,-2.21,-1.85,3,12.1,-9.1,-1.83,-1.46,Matches
124,Fabian Delph\Fabian-Delph,eng ENG,DF,Manchester City,28,1989,11,725,66,21.2,8.1,8,84,3,19,6,2.18,22,9,13,1.61,-0.36,18.2,7.7,10.5,1.3,-0.23,Matches
125,Mousa Dembélé\Mousa-Dembele,be BEL,MF,Tottenham,31,1987,10,515,52,15.1,5.7,7,65,3,21,0,2.1,10,6,4,0.7,-0.04,7.5,7.6,-0.1,-0.01,-0.33,Matches
126,Leander Dendoncker\Leander-Dendoncker,be BEL,MF,Wolves,23,1995,19,1467,77,42.9,16.3,17,85,2,13,8,1.79,22,21,1,0.06,0.06,19.3,18.2,1.1,0.07,-0.41,Matches
127,Laurent Depoitre\Laurent-Depoitre,be BEL,FW,Huddersfield,29,1988,23,1068,46,31.2,11.9,10,82,13,19,4,0.35,3,23,-20,-1.69,-0.38,9.3,19.8,-10.4,-0.88,0.04,Matches
128,Gerard Deulofeu\Gerard-Deulofeu,es ESP,FW,Watford,24,1994,30,2066,69,60.4,23,26,76,4,24,0,1.23,33,29,4,0.17,0.91,31.2,30.5,0.8,0.03,0.51,Matches
129,Fousseni Diabaté\Fousseni-Diabate,ml MLI,FW,Leicester City,22,1995,1,54,54,1.6,0.6,1,54,0,,2,1,0,1,-1,-1.67,-1.77,1.4,1,0.5,0.77,0.6,Matches
130,Adama Diakhaby\Adama-Diakhaby,fr FRA,FWMF,Huddersfield,22,1996,12,552,46,16.1,6.1,6,75,6,17,6,0.25,2,16,-14,-2.28,-1.03,3.8,11.4,-7.7,-1.25,-0.41,Matches
131,Mohamed Diamé\Mohamed-Diame,sn SEN,MF,Newcastle Utd,31,1987,29,2166,75,63.3,24.1,24,87,5,15,3,1.1,21,32,-11,-0.46,-0.82,21.8,34.3,-12.5,-0.52,-0.44,Matches
132,Grady Diangana\Grady-Diangana,eng ENG,FWMF,West Ham,20,1998,17,609,36,17.8,6.8,6,65,11,20,6,1.35,6,13,-7,-1.03,-1.16,8.8,12.5,-3.7,-0.55,-0.29,Matches
133,Eric Dier\Eric-Dier,eng ENG,MF,Tottenham,24,1994,20,1506,75,44,16.7,18,83,2,6,4,1.85,26,18,8,0.48,-0.46,23.5,23.4,0.2,0.01,-0.46,Matches
134,Lucas Digne\Lucas-Digne,fr FRA,DF,Everton,25,1993,35,2965,85,86.7,32.9,33,89,2,7,1,1.43,46,38,8,0.24,0.24,42.1,38,4.1,0.13,0.63,Matches
135,Virgil van Dijk\Virgil-van-Dijk,nl NED,DF,Liverpool,27,1991,38,3384,89,98.9,37.6,38,89,0,,0,2.55,89,22,67,1.78,1.78,72.8,29.8,43,1.14,-0.25,Matches
136,Issa Diop\Issa-Diop,fr FRA,DF,West Ham,21,1997,33,2970,90,86.8,33,33,90,0,,5,1.55,48,43,5,0.15,1.75,44.1,50.5,-6.4,-0.19,0.91,Matches
137,Matt Doherty\Matt-Doherty,ie IRL,DFMF,Wolves,26,1992,38,3144,83,91.9,34.9,35,87,3,30,0,1.5,41,41,0,0,-0.33,45,35.1,9.9,0.28,-0.2,Matches
138,Abdoulaye Doucouré\Abdoulaye-Doucoure,fr FRA,MF,Watford,25,1993,35,3062,87,89.5,34,34,89,1,36,0,1.37,51,56,-5,-0.15,0.36,45.4,48.3,-2.9,-0.08,0.8,Matches
139,Kieran Dowell\Kieran-Dowell,eng ENG,FWMF,Everton,20,1997,0,,,,,0,,0,,3,,,,,,,,,,,,Matches
140,Luke Dreher\Luke-Dreher,eng ENG,MF,Crystal Palace,19,1998,1,1,1,0,0,0,,1,0,0,3,0,0,0,0,0.05,0.1,0.3,-0.2,-19.74,-19.79,Matches
141,Danny Drinkwater\Danny-Drinkwater,eng ENG,MF,Chelsea,28,1990,0,,,,,0,,0,,1,,,,,,,,,,,,Matches
142,Anthony Driscoll-Glennon\Anthony-Driscoll-Glennon,eng ENG,DF,Burnley,18,1999,0,,,,,0,,0,,1,,,,,,,,,,,,Matches
143,Martin Dúbravka\Martin-Dubravka,sk SVK,GK,Newcastle Utd,29,1989,38,3420,90,100,38,38,90,0,,0,1.18,42,48,-6,-0.16,,38.8,52.4,-13.6,-0.36,,Matches
144,Shane Duffy\Shane-Duffy,ie IRL,DF,Brighton,26,1992,35,3087,88,90.3,34.3,35,88,0,,0,1.03,32,54,-22,-0.64,0.17,32.5,52.2,-19.7,-0.57,0.04,Matches
145,Demeaco Duhaney\Demeaco-Duhaney,eng ENG,DF,Huddersfield,19,1998,1,45,45,1.3,0.5,1,45,0,,1,3,0,0,0,0,1.44,0.1,0.4,-0.3,-0.6,0.31,Matches
146,Paul Dummett\Paul-Dummett,wal WAL,DF,Newcastle Utd,26,1991,26,1990,77,58.2,22.1,21,90,5,21,2,1.19,23,27,-4,-0.18,-0.06,19,30.7,-11.8,-0.53,-0.42,Matches
147,Lewis Dunk\Lewis-Dunk,eng ENG,DF,Brighton,26,1991,36,3151,88,92.1,35,36,88,0,,0,0.97,31,55,-24,-0.69,-0.35,30.4,53.2,-22.9,-0.65,-0.94,Matches
148,Erik Durm\Erik-Durm,de GER,DF,Huddersfield,26,1992,28,2055,73,60.1,22.8,21,87,7,32,2,0.39,15,45,-30,-1.31,0.27,19.3,36.9,-17.6,-0.77,0.35,Matches
149,Bruno Ecuele Manga\Bruno-Ecuele-Manga,ga GAB,DF,Cardiff City,30,1988,38,3376,89,98.7,37.5,37,90,1,45,0,0.89,34,67,-33,-0.88,3.21,39.4,60,-20.6,-0.55,2.49,Matches
150,Ederson\Ederson,br BRA,GK,Manchester City,24,1993,38,3420,90,100,38,38,90,0,,0,2.58,95,23,72,1.89,,82,25.6,56.4,1.49,,Matches
151,Harvey Elliot\Harvey-Elliot,eng ENG,MF,Fulham,15,2003,2,20,10,0.6,0.2,0,,2,9,3,0,0,1,-1,-4.5,-3.28,0.1,0.3,-0.2,-0.85,-0.18,Matches
152,Mohamed Elneny\Mohamed-Elneny,eg EGY,MF,Arsenal,26,1992,8,380,48,11.1,4.2,5,62,3,24,21,2.25,7,5,2,0.47,-0.12,5.3,5.8,-0.5,-0.11,-0.2,Matches
153,Mohamed Elyounoussi\Mohamed-Elyounoussi,no NOR,MFFW,Southampton,23,1994,16,793,50,23.2,8.8,8,81,8,18,8,0.5,8,10,-2,-0.23,0.39,12.1,9.3,2.8,0.31,0.73,Matches
154,Bright Enobakhare\Bright-Enobakhare,ng NGA,FWMF,Wolves,20,1998,0,,,,,0,,0,,1,,,,,,,,,,,,Matches
155,Christian Eriksen\Christian-Eriksen,dk DEN,MFFW,Tottenham,26,1992,35,2774,79,81.1,30.8,30,90,5,18,1,1.77,58,37,21,0.68,-0.29,47.3,39.6,7.6,0.25,-0.11,Matches
156,Neil Etheridge\Neil-Etheridge,ph PHI,GK,Cardiff City,28,1990,38,3420,90,100,38,38,90,0,,0,0.89,34,69,-35,-0.92,,39.8,61.8,-22,-0.58,,Matches
157,Jonny Evans\Jonny-Evans,nir NIR,DF,Leicester City,30,1988,24,1996,83,58.4,22.2,21,90,3,37,10,1.46,33,26,7,0.32,0.57,27.9,24,3.9,0.18,0,Matches
158,Timothy Eyoma\Timothy-Eyoma,eng ENG,DF,Tottenham,18,2000,0,,,,,0,,0,,1,,,,,,,,,,,,Matches
159,?ukasz Fabia?ski\Lukasz-Fabianski,pl POL,GK,West Ham,33,1985,38,3420,90,100,38,38,90,0,,0,1.37,52,55,-3,-0.08,,49.1,61,-11.9,-0.31,,Matches
160,Fabinho\Fabinho,br BRA,MF,Liverpool,24,1993,28,2017,72,59,22.4,21,90,7,18,6,2.54,56,14,42,1.87,0.27,45.5,18.2,27.3,1.22,0.18,Matches
161,Cesc Fàbregas\Cesc-Fabregas,es ESP,MF,Chelsea,31,1987,6,180,30,5.3,2,1,95,5,17,9,1.33,2,2,0,0,-0.67,3.6,1.3,2.3,1.15,0.57,Matches
162,Fabricio\Fabricio,es ESP,GK,Fulham,30,1987,2,180,90,5.3,2,2,90,0,,17,0,1,5,-4,-2,-0.81,2.2,3.6,-1.4,-0.7,-0.03,Matches
163,Marouane Fellaini\Marouane-Fellaini,be BEL,MF,Manchester Utd,30,1987,14,752,54,22,8.4,6,91,8,26,3,1.36,14,14,0,0,-0.37,12.7,10.2,2.5,0.29,-0.01,Matches
164,Kiko Femenía\Kiko-Femenia,es ESP,DF,Watford,27,1991,29,2049,71,59.9,22.8,22,87,7,19,2,1.14,31,40,-9,-0.4,-0.53,29.9,36.5,-6.6,-0.29,-0.3,Matches
165,Federico Fernández\Federico-Fernandez,ar ARG,DF,Newcastle Utd,29,1989,19,1484,78,43.4,16.5,17,85,2,21,10,1.11,18,24,-6,-0.36,-0.36,16,25.2,-9.2,-0.56,-0.35,Matches
166,Fernandinho\Fernandinho,br BRA,MF,Manchester City,33,1985,29,2377,82,69.5,26.4,27,86,2,34,0,2.66,70,15,55,2.08,0.62,58.4,18.4,40,1.51,0.09,Matches
167,Roberto Firmino\Roberto-Firmino,br BRA,FWMF,Liverpool,26,1991,34,2607,77,76.2,29,31,82,3,21,0,2.5,64,15,49,1.69,-0.3,57.6,21.5,36.1,1.25,0.42,Matches
168,Phil Foden\Phil-Foden,eng ENG,MF,Manchester City,18,2000,13,335,26,9.8,3.7,3,80,10,10,16,2.77,9,0,9,2.42,0.58,8.5,2.4,6.1,1.65,0.18,Matches
169,Fraser Forster\Fraser-Forster,eng ENG,GK,Southampton,30,1988,1,90,90,2.6,1,1,90,0,,4,0,0,3,-3,-3,-2.54,0.4,1.8,-1.4,-1.36,-1.14,Matches
170,Ben Foster\Ben-Foster,eng ENG,GK,Watford,35,1983,38,3420,90,100,38,38,90,0,,0,1.32,52,59,-7,-0.18,,48,54.4,-6.4,-0.17,,Matches
171,Timothy Fosu-Mensah\Timothy-Fosu-Mensah,nl NED,DF,Fulham,20,1998,12,793,66,23.2,8.8,10,73,2,31,4,0.67,10,18,-8,-0.91,0.43,9.5,18.5,-9,-1.02,-0.45,Matches
172,Juan Foyth\Juan-Foyth,ar ARG,DF,Tottenham,20,1998,12,888,74,26,9.9,10,89,2,1,11,1.75,22,11,11,1.11,0.51,15.1,15.9,-0.8,-0.09,-0.48,Matches
173,Simon Francis\Simon-Francis,eng ENG,DF,Bournemouth,33,1985,17,1229,72,35.9,13.7,13,87,4,26,1,1.47,19,24,-5,-0.37,0,17.8,19.6,-1.8,-0.13,-0.1,Matches
174,Ryan Fraser\Ryan-Fraser,sco SCO,MFFW,Bournemouth,24,1994,38,3166,83,92.6,35.2,35,87,3,39,0,1.18,51,64,-13,-0.37,-0.02,51.1,50.8,0.4,0.01,1.02,Matches
175,Fred\Fred,br BRA,MF,Manchester Utd,25,1993,17,1041,61,30.4,11.6,13,76,4,14,15,1.65,18,19,-1,-0.09,-0.54,18.8,16.5,2.3,0.2,-0.16,Matches
176,Ryan Fredericks\Ryan-Fredericks,eng ENG,DF,West Ham,25,1992,15,1086,72,31.8,12.1,12,84,3,25,8,1.2,12,16,-4,-0.33,-0.37,13.9,22.3,-8.4,-0.7,-0.56,Matches
177,Christian Fuchs\Christian-Fuchs,at AUT,DF,Leicester City,32,1986,3,207,69,6.1,2.3,2,91,1,26,29,1,2,5,-3,-1.3,-1.47,2.3,2.8,-0.5,-0.22,-0.42,Matches
178,Manolo Gabbiadini\Manolo-Gabbiadini,it ITA,FWMF,Southampton,26,1991,12,476,40,13.9,5.3,4,84,8,18,0,0.5,3,12,-9,-1.7,-1.37,6.4,9.1,-2.7,-0.52,-0.31,Matches
179,Sam Gallagher\Sam-Gallagher,eng ENG,FW,Southampton,22,1995,4,34,9,1,0.4,0,,4,8,4,1.5,1,1,0,0,0.53,0.5,1.5,-1,-2.73,-2.5,Matches
180,Idrissa Gana Gueye\Idrissa-Gana-Gueye,sn SEN,MF,Everton,28,1989,33,2822,86,82.5,31.4,32,88,1,15,0,1.52,41,31,10,0.32,0.62,38.8,36.5,2.3,0.07,0.19,Matches
181,James Garner\James-Garner,eng ENG,MF,Manchester Utd,17,2001,1,1,1,0,0,0,,1,0,1,3,0,0,0,0,-0.29,0,0,0,-2.64,-2.95,Matches
182,Paulo Gazzaniga\Paulo-Gazzaniga,ar ARG,GK,Tottenham,26,1992,3,270,90,7.9,3,3,90,0,,32,2,4,2,2,0.67,-0.08,5.3,3.1,2.2,0.73,0.51,Matches
183,David de Gea\David-de-Gea,es ESP,GK,Manchester Utd,27,1990,38,3420,90,100,38,38,90,0,,0,1.74,65,54,11,0.29,,59.4,47.9,11.6,0.3,,Matches
184,Rachid Ghezzal\Rachid-Ghezzal,dz ALG,FWMF,Leicester City,26,1992,19,743,39,21.7,8.3,8,63,11,22,7,0.89,6,13,-7,-0.85,-1.18,12.1,8.6,3.5,0.42,0.32,Matches
185,Morgan Gibbs-White\Morgan-Gibbs-White,eng ENG,MFFW,Wolves,18,2000,26,663,26,19.4,7.4,5,72,21,14,10,1.38,10,12,-2,-0.27,-0.37,13.1,9.8,3.4,0.46,0.2,Matches
186,Ben Gibson\Ben-Gibson,eng ENG,DF,Burnley,25,1993,1,62,62,1.8,0.7,1,62,0,,23,0,1,3,-2,-2.9,-2.34,1,1.2,-0.3,-0.43,0.13,Matches
187,Olivier Giroud\Olivier-Giroud,fr FRA,FW,Chelsea,31,1986,27,847,31,24.8,9.4,7,77,20,15,9,1.96,23,5,18,1.91,1.7,17.9,7.9,10,1.06,0.6,Matches
188,André Gomes\Andre-Gomes,pt POR,MF,Everton,25,1993,27,1980,73,57.9,22,24,81,3,14,0,1.3,28,28,0,0,-0.5,27.8,27.4,0.4,0.02,-0.05,Matches
189,Angel Gomes\Angel-Gomes,eng ENG,MFFW,Manchester Utd,17,2000,2,27,14,0.8,0.3,0,,2,13,1,1.5,0,1,-1,-3.33,-3.65,0.5,0.3,0.2,0.52,0.22,Matches
190,Heurelho Gomes\Heurelho-Gomes,br BRA,GK,Watford,37,1981,0,,,,,0,,0,,38,,,,,,,,,,,,Matches
191,Joe Gomez\Joe-Gomez,eng ENG,DF,Liverpool,21,1997,16,1063,66,31.1,11.8,12,85,4,12,2,2.63,17,4,13,1.1,-0.96,21.2,10.2,11,0.93,-0.31,Matches
192,Jon Gorenc Stankovi?\Jon-Gorenc-Stankovic,si SVN,MFDF,Huddersfield,22,1996,11,715,65,20.9,7.9,9,79,2,0,16,0.64,5,20,-15,-1.89,-0.59,5.3,14.7,-9.4,-1.18,-0.35,Matches
193,Dan Gosling\Dan-Gosling,eng ENG,MF,Bournemouth,28,1990,25,1739,70,50.8,19.3,19,84,6,22,1,1.28,32,33,-1,-0.05,0.64,29.3,28.8,0.5,0.03,0.18,Matches
194,Karlan Grant\Karlan-Grant,eng ENG,FWMF,Huddersfield,20,1997,13,877,67,25.6,9.7,9,88,4,21,1,0.38,9,23,-14,-1.44,-0.02,8.5,18.7,-10.2,-1.05,-0.19,Matches
195,Lee Grant\Lee-Grant,eng ENG,GK,Manchester Utd,35,1983,0,,,,,0,,0,,9,,,,,,,,,,,,Matches
196,Andre Gray\Andre-Gray,eng ENG,FW,Watford,27,1991,29,1366,47,39.9,15.2,13,78,16,22,1,1.28,23,23,0,0,0.31,18.6,24,-5.3,-0.35,-0.31,Matches
197,Demarai Gray\Demarai-Gray,eng ENG,FWMF,Leicester City,22,1996,34,1985,58,58,22.1,23,75,11,24,1,1.41,31,29,2,0.09,0.03,29.2,23.3,5.9,0.27,0.22,Matches
198,Mason Greenwood\Mason-Greenwood,eng ENG,FW,Manchester Utd,16,2001,3,117,39,3.4,1.3,1,92,2,13,0,1,1,2,-1,-0.77,-1.1,2.7,2.5,0.2,0.15,-0.16,Matches
199,Pascal Groß\Pascal-Gross,de GER,MF,Brighton,27,1991,25,1864,75,54.5,20.7,24,77,1,10,0,0.8,19,31,-12,-0.58,0.17,20.3,26.1,-5.8,-0.28,0.66,Matches
200,Vicente Guaita\Vicente-Guaita,es ESP,GK,Crystal Palace,31,1987,20,1754,88,51.3,19.5,20,88,0,,17,1.7,32,23,9,0.46,1.06,28.6,23.3,5.3,0.27,0.47,Matches
201,Marc Guéhi\Marc-Guehi,eng ENG,DF,Chelsea,18,2000,0,,,,,0,,0,,1,,,,,,,,,,,,Matches
202,Mattéo Guendouzi\Matteo-Guendouzi,fr FRA,MF,Arsenal,19,1999,33,2149,65,62.8,23.9,23,84,10,22,4,1.73,47,32,15,0.63,0.13,35.8,34.7,1.1,0.04,-0.07,Matches
203,?lkay Gündo?an\Ilkay-Gundogan,de GER,MF,Manchester City,27,1990,31,2137,69,62.5,23.7,23,87,8,17,1,2.55,60,15,45,1.9,0,49.8,15.5,34.3,1.44,-0.11,Matches
204,Angus Gunn\Angus-Gunn,eng ENG,GK,Southampton,22,1996,12,1080,90,31.6,12,12,90,0,,26,1.33,17,18,-1,-0.08,0.65,13.9,16.4,-2.5,-0.2,0.07,Matches
205,Aron Gunnarsson\Aron-Gunnarsson,is ISL,MF,Cardiff City,29,1989,28,2266,81,66.3,25.2,27,84,1,0,3,1.14,23,40,-17,-0.68,0.73,25.9,37,-11.1,-0.44,0.41,Matches
206,Viktor Gyökeres\Viktor-Gyokeres,se SWE,MF,Brighton,20,1998,0,,,,,0,,0,,3,,,,,,,,,,,,Matches
207,Florent Hadergjonaj\Florent-Hadergjonaj,xk KVX,DFMF,Huddersfield,24,1994,24,1842,77,53.9,20.5,19,87,5,37,9,0.46,11,36,-25,-1.22,0.43,14.9,31.3,-16.5,-0.8,0.22,Matches
208,Ben Hamer\Ben-Hamer,eng ENG,GK,Huddersfield,30,1987,7,552,79,16.1,6.1,7,79,0,,26,0.14,3,21,-18,-2.93,-1.81,5.2,15.6,-10.4,-1.7,-0.94,Matches
209,Kadeem Harris\Kadeem-Harris,eng ENG,MFFW,Cardiff City,25,1993,13,375,29,11,4.2,3,85,10,12,13,1.46,8,6,2,0.48,1.57,5.4,8.2,-2.8,-0.68,-0.11,Matches
210,Joe Hart\Joe-Hart,eng ENG,GK,Burnley,31,1987,19,1710,90,50,19,19,90,0,,19,0.63,17,41,-24,-1.26,-1.32,16.7,37.7,-21,-1.11,-1.1,Matches
211,Kortney Hause\Kortney-Hause,eng ENG,DF,Wolves,23,1995,0,,,,,0,,0,,11,,,,,,,,,,,,Matches
212,Isaac Hayden\Isaac-Hayden,eng ENG,MF,Newcastle Utd,23,1995,25,1859,74,54.4,20.7,21,86,4,14,4,1.52,27,25,2,0.1,0.56,22.3,27.9,-5.7,-0.27,0.19,Matches
213,Eden Hazard\Eden-Hazard,be BEL,FW,Chelsea,27,1991,37,2923,79,85.5,32.5,32,87,5,25,0,1.86,52,35,17,0.52,-0.74,49.6,30.1,19.6,0.6,-0.07,Matches
214,Rhys Healey\Rhys-Healey,wal WAL,FWMF,Cardiff City,23,1994,3,52,17,1.5,0.6,0,,3,16,5,0.33,0,1,-1,-1.73,-0.82,1,0.3,0.7,1.21,1.82,Matches
215,Tom Heaton\Tom-Heaton,eng ENG,GK,Burnley,32,1986,19,1710,90,50,19,19,90,0,,19,1.47,28,27,1,0.05,1.32,25.2,25.4,-0.2,-0.01,1.1,Matches
216,Jordan Henderson\Jordan-Henderson,eng ENG,MF,Liverpool,28,1990,32,1987,62,58.1,22.1,21,84,11,20,1,2.59,47,14,33,1.49,-0.64,38.8,16.8,22,1,-0.36,Matches
217,Jeff Hendrick\Jeff-Hendrick,ie IRL,MFFW,Burnley,26,1992,32,2063,64,60.3,22.9,25,80,7,11,6,0.97,24,44,-20,-0.87,-0.67,21.4,37.2,-15.8,-0.69,-0.34,Matches
218,Wayne Hennessey\Wayne-Hennessey,wal WAL,GK,Crystal Palace,31,1987,18,1576,88,46.1,17.5,17,90,1,45,15,0.83,16,26,-10,-0.57,-0.96,20.8,22.7,-1.9,-0.11,-0.28,Matches
219,Javier Hernández\Javier-Hernandez,mx MEX,FW,West Ham,30,1988,25,1334,53,39,14.8,14,71,11,31,4,1.12,27,20,7,0.47,0.9,19.8,25,-5.2,-0.35,-0.06,Matches
220,Ander Herrera\Ander-Herrera,es ESP,MF,Manchester Utd,28,1989,22,1403,64,41,15.6,16,79,6,24,3,2.05,33,18,15,0.96,1.14,26.4,18.7,7.6,0.49,0.31,Matches
221,Son Heung-min\Son-Heung-min,kr KOR,FWMF,Tottenham,26,1992,31,2039,66,59.6,22.7,23,82,8,19,2,1.87,46,22,24,1.06,0.8,36.5,26.1,10.4,0.46,0.47,Matches
222,Gonzalo Higuaín\Gonzalo-Higuain,ar ARG,FW,Chelsea,30,1987,14,1085,78,31.7,12.1,13,81,1,34,1,1.57,17,15,2,0.17,-0.68,16.2,10.8,5.4,0.45,-0.24,Matches
223,Wesley Hoedt\Wesley-Hoedt,nl NED,DF,Southampton,24,1994,13,1170,90,34.2,13,13,90,0,,4,0.62,10,24,-14,-1.08,-0.84,16.7,19.2,-2.5,-0.19,0.09,Matches
224,Jonathan Hogg\Jonathan-Hogg,eng ENG,MF,Huddersfield,29,1988,29,2367,82,69.2,26.3,29,82,0,,2,0.52,13,44,-31,-1.18,0.79,20.5,40.2,-19.7,-0.75,0.51,Matches
225,Junior Hoilett\Junior-Hoilett,ca CAN,FWMF,Cardiff City,28,1990,32,2141,67,62.6,23.8,23,84,9,22,3,0.84,18,46,-28,-1.18,-0.68,22.5,41.7,-19.2,-0.81,-0.61,Matches
226,Rob Holding\Rob-Holding,eng ENG,DF,Arsenal,22,1995,10,807,81,23.6,9,9,84,1,51,4,2.2,23,10,13,1.45,1.14,13.9,12.1,1.9,0.21,0.18,Matches
227,José Holebas\Jose-Holebas,gr GRE,DF,Watford,34,1984,28,2393,85,70,26.6,27,88,1,12,3,1.32,37,39,-2,-0.08,0.36,35,39.9,-4.9,-0.19,-0.06,Matches
228,Mason Holgate\Mason-Holgate,eng ENG,DF,Everton,21,1996,5,408,82,11.9,4.5,4,90,1,47,3,1.2,7,9,-2,-0.44,-0.74,4.3,6.8,-2.5,-0.56,-0.68,Matches
229,Nathan Holland\Nathan-Holland,eng ENG,MF,West Ham,20,1998,0,,,,,0,,0,,1,,,,,,,,,,,,Matches
230,Callum Hudson-Odoi\Callum-Hudson-Odoi,eng ENG,FW,Chelsea,17,2000,10,393,39,11.5,4.4,4,69,6,20,3,1.7,10,5,5,1.15,0.58,7.7,3.7,3.9,0.9,0.32,Matches
231,Will Hughes\Will-Hughes,eng ENG,MFFW,Watford,23,1995,32,2418,76,70.7,26.9,31,77,1,19,0,1.31,32,39,-7,-0.26,-0.26,33.4,34.2,-0.8,-0.03,0.48,Matches
232,Emerson Hyndman\Emerson-Hyndman,us USA,MF,Bournemouth,22,1996,1,38,38,1.1,0.4,0,,1,37,3,1,1,2,-1,-2.37,-2.02,1.1,0.6,0.6,1.37,1.45,Matches
233,Pierre Højbjerg\Pierre-Hojbjerg,dk DEN,MF,Southampton,22,1995,31,2760,89,80.7,30.7,31,89,0,,2,1.03,39,58,-19,-0.62,-0.48,36.4,45.5,-9.1,-0.3,-0.24,Matches
234,Jordon Ibe\Jordon-Ibe,eng ENG,MFFW,Bournemouth,22,1995,19,797,42,23.3,8.9,9,73,10,14,12,0.74,11,23,-12,-1.36,-1.29,11.4,15.2,-3.8,-0.43,-0.48,Matches
235,Vicente Iborra\Vicente-Iborra,es ESP,MF,Leicester City,30,1988,8,229,29,6.7,2.5,3,60,5,10,9,1.5,3,4,-1,-0.39,-0.51,3.5,3.2,0.3,0.11,-0.08,Matches
236,Kelechi Iheanacho\Kelechi-Iheanacho,ng NGA,FWMF,Leicester City,21,1996,30,941,31,27.5,10.5,9,75,21,13,6,1.1,17,16,1,0.1,0.02,15.7,11.9,3.8,0.36,0.26,Matches
237,Danny Ings\Danny-Ings,eng ENG,FW,Southampton,26,1992,24,1651,69,48.3,18.3,23,70,1,34,2,1.17,23,27,-4,-0.22,0.6,24.5,20.2,4.3,0.23,0.94,Matches
238,Alex Iwobi\Alex-Iwobi,ng NGA,FWMF,Arsenal,22,1996,35,1970,56,57.6,21.9,22,73,13,28,1,1.83,44,32,12,0.55,-0.07,34.7,32,2.7,0.12,0.13,Matches
239,José Izquierdo\Jose-Izquierdo,co COL,MFFW,Brighton,26,1992,15,795,53,23.2,8.8,9,78,6,16,3,1.4,11,10,1,0.11,1,6.7,12,-5.3,-0.61,-0.03,Matches
240,Phil Jagielka\Phil-Jagielka,eng ENG,DFMF,Everton,35,1982,7,331,47,9.7,3.7,4,78,3,6,6,2,5,2,3,0.82,0.67,4.7,2.5,2.2,0.6,0.62,Matches
241,Alireza Jahanbakhsh\Alireza-Jahanbakhsh,ir IRN,FWMF,Brighton,24,1993,19,1020,54,29.8,11.3,12,75,7,17,5,0.95,11,16,-5,-0.44,0.31,8,17.5,-9.6,-0.84,-0.38,Matches
242,Daryl Janmaat\Daryl-Janmaat,nl NED,DF,Watford,29,1989,18,1520,84,44.4,16.9,17,87,1,45,4,1.56,26,22,4,0.24,0.76,19.4,22,-2.6,-0.15,0.03,Matches
243,Vincent Janssen\Vincent-Janssen,nl NED,FW,Tottenham,24,1994,3,39,13,1.1,0.4,0,,3,12,2,1.33,1,0,1,2.31,1.59,0.4,0.4,-0.1,-0.18,-0.45,Matches
244,Carl Jenkinson\Carl-Jenkinson,eng ENG,DF,Arsenal,26,1992,3,166,55,4.9,1.8,2,68,1,30,2,2,7,3,4,2.17,1.67,5.6,2.7,2.9,1.58,1.59,Matches
245,Gabriel Jesus\Gabriel-Jesus,br BRA,FW,Manchester City,21,1997,29,1036,36,30.3,11.5,8,85,21,17,7,2.55,28,11,17,1.48,-0.6,24.6,8.2,16.4,1.43,-0.09,Matches
246,Raúl Jiménez\Raul-Jimenez,mx MEX,FW,Wolves,27,1991,38,3111,82,91,34.6,36,85,2,31,0,1.5,44,40,4,0.12,0.99,44.8,34.5,10.3,0.3,-0.02,Matches
247,Stefan Johansen\Stefan-Johansen,no NOR,MF,Fulham,27,1991,12,417,35,12.2,4.6,4,72,8,16,6,0.42,2,12,-10,-2.16,-1.05,2.4,11.6,-9.2,-1.99,-1.5,Matches
248,Ryan John Giles\Ryan-John-Giles,eng ENG,MF,Wolves,18,2000,0,,,,,0,,0,,2,,,,,,,,,,,,Matches
249,Cameron John\Cameron-John,eng ENG,DF,Wolves,18,1999,0,,,,,0,,0,,1,,,,,,,,,,,,Matches
250,Ben Johnson\Ben-Johnson,eng ENG,DF,West Ham,18,2000,1,62,62,1.8,0.7,1,62,0,,0,0,0,1,-1,-1.45,-1.4,0.5,2,-1.4,-2.09,-1.81,Matches
251,Tyreke Johnson\Tyreke-Johnson,eng ENG,FW,Southampton,19,1998,1,1,1,0,0,0,,1,0,0,3,0,0,0,0,0.53,0,0,0,-1.3,-1.05,Matches
252,Alfie Jones\Alfie-Jones,eng ENG,DFMF,Southampton,20,1997,0,,,,,0,,0,,2,,,,,,,,,,,,Matches
253,Curtis Jones\Curtis-Jones,eng ENG,MF,Liverpool,17,2001,0,,,,,0,,0,,1,,,,,,,,,,,,Matches
254,Phil Jones\Phil-Jones,eng ENG,DF,Manchester Utd,26,1992,18,1263,70,36.9,14,15,82,3,11,4,2,29,17,12,0.86,0.9,25.8,16.2,9.6,0.69,0.6,Matches
255,Jorginho\Jorginho,it ITA,MF,Chelsea,26,1991,37,3156,85,92.3,35.1,37,85,0,,1,1.95,57,37,20,0.57,-0.79,52.6,33.4,19.3,0.55,-0.84,Matches
256,Joselu\Joselu,es ESP,FW,Newcastle Utd,28,1990,16,596,37,17.4,6.6,5,86,11,15,12,0.75,3,15,-12,-1.81,-2,4.7,12.1,-7.4,-1.12,-0.92,Matches
257,Diogo Jota\Diogo-Jota,pt POR,FWMF,Wolves,21,1996,33,2355,71,68.9,26.2,29,78,4,24,0,1.61,32,29,3,0.11,0.28,33,25.3,7.6,0.29,-0.03,Matches
258,Mathias Jørgensen\Mathias-Jorgensen,dk DEN,DF,Huddersfield,28,1990,24,2147,89,62.8,23.9,24,89,0,,7,0.33,11,38,-27,-1.13,0.78,17.4,36.1,-18.7,-0.78,0.33,Matches
259,Christian Kabasele\Christian-Kabasele,be BEL,DF,Watford,27,1991,21,1586,76,46.4,17.6,19,82,2,11,10,1.19,23,27,-4,-0.23,-0.08,23.5,27.1,-3.6,-0.2,-0.06,Matches
260,Elias Kachunga\Elias-Kachunga,cd COD,FWMF,Huddersfield,26,1992,20,1182,59,34.6,13.1,13,81,7,18,10,0.25,4,30,-26,-1.98,-0.85,9.1,26.1,-17.1,-1.3,-0.6,Matches
261,Sullay Kaikai\Sullay-Kaikai,eng ENG,MF,Crystal Palace,22,1995,0,,,,,0,,0,,2,,,,,,,,,,,,Matches
262,Aboubakar Kamara\Aboubakar-Kamara,fr FRA,FWMF,Fulham,23,1995,13,693,53,20.3,7.7,5,87,8,32,4,0.69,5,17,-12,-1.56,-0.4,11.1,12.4,-1.3,-0.17,0.63,Matches
263,Harry Kane\Harry-Kane,eng ENG,FW,Tottenham,25,1993,28,2424,87,70.9,26.9,27,89,1,16,0,1.86,50,31,19,0.71,-0.11,39.7,32.7,7,0.26,-0.03,Matches
264,N'Golo Kanté\NGolo-Kante,fr FRA,MF,Chelsea,27,1991,36,3092,86,90.4,34.4,36,86,0,,1,1.89,57,38,19,0.55,-0.82,52.7,33,19.6,0.57,-0.44,Matches
265,Loris Karius\Loris-Karius,de GER,GK,Liverpool,25,1993,0,,,,,0,,0,,1,,,,,,,,,,,,Matches
266,Beram Kayal\Beram-Kayal,il ISR,MF,Brighton,30,1988,18,940,52,27.5,10.4,9,85,9,20,19,1.22,8,17,-9,-0.86,-0.28,6,18.9,-13,-1.24,-0.91,Matches
267,Michael Keane\Michael-Keane,eng ENG,DF,Everton,25,1993,33,2969,90,86.8,33,33,90,0,,2,1.48,50,39,11,0.33,0.93,39.8,40.5,-0.7,-0.02,-0.47,Matches
268,Neeskens Kebano\Neeskens-Kebano,cd COD,FWMF,Fulham,26,1992,7,108,15,3.2,1.2,0,,7,14,14,0,0,3,-3,-2.5,-1.3,0.5,2.2,-1.7,-1.43,-0.78,Matches
269,Naby Keïta\Naby-Keita,gn GUI,MF,Liverpool,23,1995,25,1390,56,40.6,15.4,16,78,9,17,7,2.68,36,8,28,1.81,0.08,31.2,11.3,19.9,1.29,0.24,Matches
270,Martin Kelly\Martin-Kelly,eng ENG,DF,Crystal Palace,28,1990,13,1111,85,32.5,12.3,12,90,1,30,21,1.31,17,21,-4,-0.32,-0.4,16.2,19.7,-3.5,-0.28,-0.48,Matches
271,Kenedy\Kenedy,br BRA,MFFW,Newcastle Utd,22,1996,25,1348,54,39.4,15,14,83,11,17,3,1.16,14,18,-4,-0.27,-0.18,15.4,21.7,-6.3,-0.42,-0.1,Matches
272,Jonjoe Kenny\Jonjoe-Kenny,eng ENG,DF,Everton,21,1997,10,791,79,23.1,8.8,8,90,2,37,6,0.9,8,15,-7,-0.8,-1.31,8.8,11.7,-3,-0.34,-0.5,Matches
273,Max Kilman\Max-Kilman,eng ENG,DF,Wolves,21,1997,1,1,1,0,0,0,,1,0,5,3,0,0,0,0,-0.03,0,0,0,0,-0.3,Matches
274,Joshua King\Joshua-King,no NOR,FW,Bournemouth,26,1992,35,2961,85,86.6,32.9,34,87,1,16,0,1.2,48,57,-9,-0.27,0.71,43.2,46,-2.8,-0.09,-0.15,Matches
275,Josh Knight\Josh-Knight,eng ENG,DFMF,Leicester City,20,1997,0,,,,,0,,0,,1,,,,,,,,,,,,Matches
276,Anthony Knockaert\Anthony-Knockaert,fr FRA,FWMF,Brighton,26,1991,30,1837,61,53.7,20.4,18,83,12,29,4,0.8,20,38,-18,-0.88,-0.48,18.6,33.8,-15.1,-0.74,-0.35,Matches
277,Ali Koiki\Ali-Koiki,eng ENG,DF,Burnley,17,2000,0,,,,,0,,0,,2,,,,,,,,,,,,Matches
278,Sead Kolašinac\Sead-Kolasinac,ba BIH,DF,Arsenal,25,1993,24,1887,79,55.2,21,22,84,2,23,5,1.71,37,29,8,0.38,-0.44,31.2,30.6,0.7,0.03,-0.09,Matches
279,Vincent Kompany\Vincent-Kompany,be BEL,DF,Manchester City,32,1986,17,1224,72,35.8,13.6,13,89,4,17,9,2.88,36,7,29,2.13,0.37,30.4,8.3,22.1,1.63,0.22,Matches
280,Terence Kongolo\Terence-Kongolo,nl NED,DF,Huddersfield,24,1994,32,2716,85,79.4,30.2,32,85,0,,2,0.44,20,65,-45,-1.49,-0.34,22.8,52.2,-29.3,-0.97,-0.32,Matches
281,Laurent Koscielny\Laurent-Koscielny,fr FRA,DF,Arsenal,32,1985,17,1331,78,38.9,14.8,13,89,4,45,2,1.53,27,23,4,0.27,-0.51,24,22.5,1.5,0.1,0.05,Matches
282,Cheikhou Kouyaté\Cheikhou-Kouyate,sn SEN,MF,Crystal Palace,28,1989,31,1899,61,55.5,21.1,21,83,10,15,3,1.26,25,29,-4,-0.19,-0.31,25.5,26.6,-1.1,-0.05,-0.22,Matches
283,Mateo Kova?i?\Mateo-Kovacic,hr CRO,MF,Chelsea,24,1994,32,1735,54,50.7,19.3,21,72,11,21,4,1.94,26,19,7,0.36,-0.54,26.2,18.6,7.5,0.39,-0.45,Matches
284,Rajiv van La Parra\Rajiv-van-La-Parra,nl NED,MFFW,Huddersfield,27,1991,5,405,81,11.8,4.5,5,81,0,,5,0.6,2,6,-4,-0.89,0.6,3.5,4.7,-1.1,-0.25,0.74,Matches
285,Luca de la Torre\Luca-de-la-Torre,us USA,MF,Fulham,20,1998,0,,,,,0,,0,,1,,,,,,,,,,,,Matches
286,Alexandre Lacazette\Alexandre-Lacazette,fr FRA,FW,Arsenal,27,1991,35,2502,71,73.2,27.8,27,83,8,32,2,1.74,51,31,20,0.72,0.52,38.5,37.2,1.3,0.05,-0.09,Matches
287,Adam Lallana\Adam-Lallana,eng ENG,MFFW,Liverpool,30,1988,13,468,36,13.7,5.2,5,70,8,15,11,2.54,14,3,11,2.12,0.41,10.1,2.5,7.6,1.47,0.37,Matches
288,Érik Lamela\Erik-Lamela,ar ARG,FWMF,Tottenham,26,1992,19,974,51,28.5,10.8,9,81,10,25,3,2,18,12,6,0.55,-0.26,15.2,13.4,1.8,0.17,-0.15,Matches
289,Manuel Lanzini\Manuel-Lanzini,ar ARG,MF,West Ham,25,1993,10,686,69,20.1,7.6,8,78,2,30,0,1.5,13,12,1,0.13,0.26,9.5,14,-4.5,-0.6,-0.35,Matches
290,Aymeric Laporte\Aymeric-Laporte,fr FRA,DF,Manchester City,24,1994,35,3057,87,89.4,34,34,90,1,1,1,2.54,88,21,67,1.97,0.73,71.6,23.1,48.5,1.43,-0.55,Matches
291,Jamaal Lascelles\Jamaal-Lascelles,eng ENG,DF,Newcastle Utd,24,1993,32,2745,86,80.3,30.5,32,86,0,,1,1.16,29,36,-7,-0.23,-0.36,30.4,42.2,-11.9,-0.39,-0.15,Matches
292,Maxime Le Marchand\Maxime-Le-Marchand,fr FRA,DF,Fulham,28,1989,26,2250,87,65.8,25,25,88,1,45,8,0.88,27,53,-26,-1.04,0.58,27.8,42.3,-14.5,-0.58,0.27,Matches
293,Florian Lejeune\Florian-Lejeune,fr FRA,DF,Newcastle Utd,27,1991,12,1054,88,30.8,11.7,12,88,0,,1,1.42,16,13,3,0.26,0.6,15,14.6,0.4,0.03,0.57,Matches
294,Mario Lemina\Mario-Lemina,ga GAB,MF,Southampton,24,1993,21,1613,77,47.2,17.9,18,85,3,27,2,0.62,16,37,-21,-1.17,-1.22,21.6,28.3,-6.7,-0.37,-0.23,Matches
295,Aaron Lennon\Aaron-Lennon,eng ENG,FWMF,Burnley,31,1987,16,1215,76,35.5,13.5,14,84,2,19,0,0.75,12,21,-9,-0.67,-0.1,10.3,26.6,-16.2,-1.2,-1,Matches
296,Bernd Leno\Bernd-Leno,de GER,GK,Arsenal,26,1992,32,2836,89,82.9,31.5,31,90,1,45,6,1.81,61,42,19,0.6,0.14,49.4,45.8,3.5,0.11,0.24,Matches
297,Jefferson Lerma\Jefferson-Lerma,co COL,MF,Bournemouth,23,1994,30,2506,84,73.3,27.8,29,86,1,21,2,1.17,42,49,-7,-0.25,0.44,40.1,38.4,1.7,0.06,0.48,Matches
298,Stephan Lichtsteiner\Stephan-Lichtsteiner,ch SUI,DF,Arsenal,34,1984,14,938,67,27.4,10.4,10,73,4,52,13,1.57,17,18,-1,-0.1,-0.93,12.7,17.8,-5.1,-0.49,-0.77,Matches
299,Victor Lindelöf\Victor-Lindelof,se SWE,DF,Manchester Utd,24,1994,30,2601,87,76.1,28.9,29,89,1,32,2,1.63,46,40,6,0.21,-0.34,44.2,36.7,7.5,0.26,-0.19,Matches
300,Jesse Lingard\Jesse-Lingard,eng ENG,FWMF,Manchester Utd,25,1992,27,1663,62,48.6,18.5,19,80,8,17,2,1.78,35,26,9,0.49,0.38,31.8,21.5,10.3,0.56,0.49,Matches
301,Fernando Llorente\Fernando-Llorente,es ESP,FW,Tottenham,33,1985,20,694,35,20.3,7.7,6,88,14,12,10,1.6,15,8,7,0.91,0.21,12.5,10.1,2.4,0.31,0.05,Matches
302,Hugo Lloris\Hugo-Lloris,fr FRA,GK,Tottenham,31,1986,33,2970,90,86.8,33,33,90,0,,0,1.97,61,33,28,0.85,0.85,48.6,39.2,9.4,0.28,0.12,Matches
303,Jürgen Locadia\Jurgen-Locadia,nl NED,FWMF,Brighton,24,1993,26,1236,48,36.1,13.7,12,84,14,17,9,0.81,11,21,-10,-0.73,-0.11,14.4,20.3,-5.9,-0.43,0.24,Matches
304,Ruben Loftus-Cheek\Ruben-Loftus-Cheek,eng ENG,MFFW,Chelsea,22,1996,24,998,42,29.2,11.1,6,85,18,27,2,1.83,22,9,13,1.17,0.76,18.4,9.7,8.8,0.79,0.25,Matches
305,Kevin Long\Kevin-Long,ie IRL,DF,Burnley,27,1990,6,514,86,15,5.7,5,90,1,63,23,0.67,4,9,-5,-0.88,-0.32,4.1,9.6,-5.6,-0.98,-0.49,Matches
306,Shane Long\Shane-Long,ie IRL,FWMF,Southampton,31,1987,26,1272,49,37.2,14.1,12,76,14,26,2,1.12,16,24,-8,-0.57,-0.06,16.4,20.4,-3.9,-0.28,-0.04,Matches
307,Sean Longstaff\Sean-Longstaff,eng ENG,MF,Newcastle Utd,20,1997,9,687,76,20.1,7.6,8,84,1,17,6,1.44,11,9,2,0.26,0.53,9.7,10.8,-1.1,-0.14,0.27,Matches
308,Ademola Lookman\Ademola-Lookman,eng ENG,FWMF,Everton,20,1997,21,618,29,18.1,6.9,3,92,18,19,9,1.29,13,8,5,0.73,0.63,11.4,7.7,3.8,0.55,0.62,Matches
309,Jonas Lössl\Jonas-Lossl,dk DEN,GK,Huddersfield,29,1989,31,2778,90,81.2,30.9,30,90,1,77,3,0.48,18,54,-36,-1.17,1.36,22.5,47.2,-24.7,-0.8,0.57,Matches
310,Dejan Lovren\Dejan-Lovren,hr CRO,DF,Liverpool,29,1989,13,986,76,28.8,11,11,89,2,1,6,2.62,30,7,23,2.1,0.47,20.5,8.6,11.9,1.09,-0.08,Matches
311,Chris Löwe\Chris-Lowe,de GER,DFMF,Huddersfield,29,1989,29,2057,71,60.1,22.9,23,83,6,23,4,0.24,13,55,-42,-1.84,-1.05,15.7,43.7,-27.9,-1.22,-0.79,Matches
312,Matthew Lowton\Matthew-Lowton,eng ENG,DF,Burnley,29,1989,21,1750,83,51.2,19.4,19,90,2,19,14,0.9,23,41,-18,-0.93,-0.66,20.1,34.5,-14.4,-0.74,-0.38,Matches
313,David Luiz\David-Luiz,br BRA,DF,Chelsea,31,1987,36,3238,90,94.7,36,36,90,0,,2,1.92,60,36,24,0.67,0.67,55.4,33.1,22.2,0.62,0.08,Matches
314,Romelu Lukaku\Romelu-Lukaku,be BEL,FW,Manchester Utd,25,1993,32,2136,67,62.5,23.7,22,88,10,21,1,1.66,38,38,0,0,-0.77,35,29.8,5.1,0.22,-0.24,Matches
315,James Maddison\James-Maddison,eng ENG,MFFW,Leicester City,21,1996,36,2831,79,82.8,31.5,35,80,1,17,1,1.33,42,44,-2,-0.06,-0.83,41.3,35.1,6.2,0.2,0.12,Matches
316,Gary Madine\Gary-Madine,eng ENG,FWMF,Cardiff City,27,1990,5,37,7,1.1,0.4,0,,5,6,7,0,0,3,-3,-7.3,-6.45,0.4,1.6,-1.1,-2.72,-2.16,Matches
317,Harry Maguire\Harry-Maguire,eng ENG,DF,Leicester City,25,1993,31,2596,84,75.9,28.8,31,84,0,,1,1.29,36,40,-4,-0.14,-0.9,36.5,33.8,2.7,0.09,-0.34,Matches
318,Riyad Mahrez\Riyad-Mahrez,dz ALG,FWMF,Manchester City,27,1991,27,1343,50,39.3,14.9,14,81,13,16,10,2.52,36,9,27,1.81,-0.14,31.5,8.5,23,1.54,0.09,Matches
319,Ainsley Maitland-Niles\Ainsley-Maitland-Niles,eng ENG,DF,Arsenal,20,1997,16,987,62,28.9,11,11,78,5,25,7,1.38,17,17,0,0,-0.81,14.1,19.1,-4.9,-0.45,-0.73,Matches
320,Sadio Mané\Sadio-Mane,sn SEN,FW,Liverpool,26,1992,36,3077,85,90,34.2,35,87,1,25,0,2.53,79,21,58,1.7,-0.67,66,26.2,39.8,1.16,0.19,Matches
321,Javier Manquillo\Javier-Manquillo,es ESP,DF,Newcastle Utd,24,1994,18,1101,61,32.2,12.2,12,86,6,11,17,1.28,14,16,-2,-0.16,-0.01,12.1,15.6,-3.5,-0.28,0.11,Matches
322,Solly March\Solly-March,eng ENG,FWMF,Brighton,24,1994,35,2463,70,72,27.4,30,78,5,24,1,0.94,26,40,-14,-0.51,0.52,27.4,40.6,-13.2,-0.48,0.34,Matches
323,Adrian Mariappa\Adrian-Mariappa,jm JAM,DF,Watford,31,1986,26,1927,74,56.3,21.4,20,90,6,20,10,1.38,29,31,-2,-0.09,0.21,25.4,28.2,-2.8,-0.13,0.09,Matches
324,Lazar Markovi?\Lazar-Markovic,rs SRB,FW,Fulham,24,1994,1,45,45,1.3,0.5,0,,1,45,1,0,0,1,-1,-2,-0.77,0.2,0.6,-0.4,-0.82,-0.15,Matches
325,George Marsh\George-Marsh,eng ENG,DFMF,Tottenham,19,1998,0,,,,,0,,0,,2,,,,,,,,,,,,Matches
326,Anthony Martial\Anthony-Martial,fr FRA,FW,Manchester Utd,22,1995,27,1621,60,47.4,18,18,80,9,20,3,1.63,31,25,6,0.33,0.08,27,24.5,2.4,0.13,-0.32,Matches
327,Emiliano Martínez\Emiliano-Martinez,ar ARG,GK,Arsenal,25,1992,0,,,,,0,,0,,2,,,,,,,,,,,,Matches
328,Adam Masina\Adam-Masina,it ITA,DF,Watford,24,1994,14,1004,72,29.4,11.2,11,89,3,10,24,1.21,15,20,-5,-0.45,-0.37,13.2,16.5,-3.3,-0.3,-0.18,Matches
329,Arthur Masuaku\Arthur-Masuaku,cd COD,DF,West Ham,24,1993,23,1759,76,51.4,19.5,19,88,4,23,12,1.61,31,29,2,0.1,0.37,28.3,33,-4.7,-0.24,0.15,Matches
330,Juan Mata\Juan-Mata,es ESP,FWMF,Manchester Utd,30,1988,22,1289,59,37.7,14.3,16,71,6,26,11,1.82,27,15,12,0.84,0.88,22.2,19.2,3,0.21,-0.15,Matches
331,Nemanja Mati?\Nemanja-Matic,rs SRB,MF,Manchester Utd,29,1988,28,2436,87,71.2,27.1,28,87,0,,2,1.86,50,37,13,0.48,0.66,43.2,35.2,8,0.3,-0.03,Matches
332,Joël Matip\Joel-Matip,cm CMR,DF,Liverpool,26,1991,22,1537,70,44.9,17.1,17,90,5,0,9,2.55,41,12,29,1.7,-0.12,31.9,12.8,19.2,1.12,-0.04,Matches
333,Konstantinos Mavropanos\Konstantinos-Mavropanos,gr GRE,DF,Arsenal,20,1997,4,148,37,4.3,1.6,3,46,1,11,3,1.5,1,1,0,0,-0.61,2.5,2.4,0.1,0.04,-0.03,Matches
334,Alfie Mawson\Alfie-Mawson,eng ENG,DF,Fulham,24,1994,15,1131,75,33.1,12.6,13,83,2,25,4,0.93,8,26,-18,-1.43,-0.29,11.7,24.6,-12.9,-1.03,-0.53,Matches
335,Isaac Mbenza\Isaac-Mbenza,be BEL,FWMF,Huddersfield,22,1996,22,986,45,28.8,11,10,77,12,18,6,0.55,6,25,-19,-1.73,-0.44,9.2,19.9,-10.7,-0.98,-0.1,Matches
336,James McArthur\James-McArthur,sco SCO,MF,Crystal Palace,30,1987,38,3058,80,89.4,34,36,83,2,32,0,1.29,44,49,-5,-0.15,-0.89,43.7,42.8,0.9,0.03,-0.17,Matches
337,Alex McCarthy\Alex-McCarthy,eng ENG,GK,Southampton,28,1989,25,2250,90,65.8,25,25,90,0,,8,0.92,28,44,-16,-0.64,-0.33,31.1,36.8,-5.7,-0.23,0.07,Matches
338,James McCarthy\James-McCarthy,ie IRL,MF,Everton,27,1990,1,15,15,0.4,0.2,0,,1,14,6,3,0,0,0,0,-0.21,0,0,0,0.08,0.04,Matches
339,Kevin McDonald\Kevin-McDonald,sco SCO,MF,Fulham,29,1988,15,841,56,24.6,9.3,10,78,5,12,4,0.4,10,26,-16,-1.71,-0.63,7.9,21,-13.1,-1.4,-0.97,Matches
340,Dwight McNeil\Dwight-McNeil,eng ENG,MFFW,Burnley,18,1999,21,1591,76,46.5,17.7,19,81,2,24,4,1.33,22,25,-3,-0.17,0.81,20,24.6,-4.6,-0.26,0.55,Matches
341,Scott McTominay\Scott-McTominay,sco SCO,MFDF,Manchester Utd,21,1996,16,867,54,25.4,9.6,9,86,7,14,7,1.75,12,18,-6,-0.62,-1.22,11.8,12.2,-0.4,-0.04,-0.46,Matches
342,Zechariah Medley\Zechariah-Medley,eng ENG,DF,Arsenal,18,2000,0,,,,,0,,0,,1,,,,,,,,,,,,Matches
343,Ben Mee\Ben-Mee,eng ENG,DF,Burnley,28,1989,38,3420,90,100,38,38,90,0,,0,1.05,45,68,-23,-0.61,,41.9,63.1,-21.2,-0.56,,Matches
344,Nathaniel Mendez-Laing\Nathaniel-Mendez-Laing,eng ENG,MFFW,Cardiff City,26,1992,20,985,49,28.8,10.9,11,72,9,21,6,0.6,11,18,-7,-0.64,0.4,11.5,20.1,-8.6,-0.79,-0.29,Matches
345,Benjamin Mendy\Benjamin-Mendy,fr FRA,DF,Manchester City,24,1994,10,900,90,26.3,10,10,90,0,,1,2.6,29,6,23,2.3,0.55,20.7,7.4,13.2,1.32,-0.22,Matches
346,Nampalys Mendy\Nampalys-Mendy,fr FRA,MF,Leicester City,26,1992,31,2092,67,61.2,23.2,23,87,8,12,4,1.52,31,29,2,0.09,0.02,28.5,25.8,2.6,0.11,-0.16,Matches
347,Chris Mepham\Chris-Mepham,wal WAL,DF,Bournemouth,20,1997,13,850,65,24.9,9.4,10,82,3,10,2,0.92,14,17,-3,-0.32,0.07,14.1,14.7,-0.6,-0.06,0,Matches
348,Max Meyer\Max-Meyer,de GER,MFFW,Crystal Palace,22,1995,29,1416,49,41.4,15.7,15,79,14,17,6,1.14,27,24,3,0.19,0.42,22.2,18.2,4.1,0.26,0.37,Matches
349,Simon Mignolet\Simon-Mignolet,be BEL,GK,Liverpool,30,1988,0,,,,,0,,0,,37,,,,,,,,,,,,Matches
350,Luka Milivojevi?\Luka-Milivojevic,rs SRB,MF,Crystal Palace,27,1991,38,3420,90,100,38,38,90,0,,0,1.29,51,53,-2,-0.05,,50.1,48.5,1.6,0.04,,Matches
351,James Milner\James-Milner,eng ENG,MFDF,Liverpool,32,1986,31,1789,58,52.3,19.9,19,81,12,20,2,2.52,42,12,30,1.51,-0.53,35.9,16.1,19.8,0.99,-0.32,Matches
352,Yerry Mina\Yerry-Mina,co COL,DF,Everton,23,1994,13,892,69,26.1,9.9,10,88,3,5,6,1.46,15,13,2,0.2,-0.01,14.3,13.3,1,0.1,0.08,Matches
353,Tyrone Mings\Tyrone-Mings,eng ENG,DF,Bournemouth,25,1993,5,143,29,4.2,1.6,2,64,3,5,8,0.6,1,4,-3,-1.89,-1.59,0.9,3,-2.1,-1.33,-1.32,Matches
354,Aleksandar Mitrovi?\Aleksandar-Mitrovic,rs SRB,FW,Fulham,23,1994,37,3280,89,95.9,36.4,37,89,0,,0,0.7,33,78,-45,-1.23,0.05,38.3,60.7,-22.4,-0.62,1.36,Matches
355,Henrikh Mkhitaryan\Henrikh-Mkhitaryan,am ARM,FWMF,Arsenal,29,1989,25,1641,66,48,18.2,19,79,6,22,3,1.88,33,26,7,0.38,-0.37,31,24.5,6.4,0.35,0.54,Matches
356,Jayson Molumby\Jayson-Molumby,ie IRL,MF,Brighton,18,1999,0,,,,,0,,0,,1,,,,,,,,,,,,Matches
357,Nacho Monreal\Nacho-Monreal,es ESP,DF,Arsenal,32,1986,22,1861,85,54.4,20.7,21,87,1,24,4,2.14,44,24,20,0.97,0.85,32.8,27.5,5.3,0.26,0.41,Matches
358,Martín Montoya\Martin-Montoya,es ESP,DF,Brighton,27,1991,25,2167,87,63.4,24.1,24,90,1,6,0,0.8,25,41,-16,-0.66,-0.02,24.2,36.6,-12.4,-0.52,0.17,Matches
359,Aaron Mooy\Aaron-Mooy,au AUS,MFFW,Huddersfield,27,1990,29,2330,80,68.1,25.9,25,89,4,26,0,0.52,18,48,-30,-1.16,0.82,21.8,41.5,-19.7,-0.76,0.46,Matches
360,Álvaro Morata\Alvaro-Morata,es ESP,FW,Chelsea,25,1992,16,941,59,27.5,10.5,11,76,5,21,1,2,15,11,4,0.38,-0.34,16.1,10,6.1,0.58,-0.04,Matches
361,Alberto Moreno\Alberto-Moreno,es ESP,DF,Liverpool,26,1992,2,154,77,4.5,1.7,2,77,0,,16,3,5,2,3,1.75,-0.01,2.7,1.4,1.3,0.78,-0.38,Matches
362,Wes Morgan\Wes-Morgan,jm JAM,DF,Leicester City,34,1984,22,1925,88,56.3,21.4,21,88,1,84,9,1.36,28,26,2,0.09,0.03,27.2,23.6,3.6,0.17,-0.02,Matches
363,Sean Morrison\Sean-Morrison,eng ENG,DF,Cardiff City,27,1991,34,3039,89,88.9,33.8,34,89,0,,0,0.82,28,63,-35,-1.04,-1.04,34.8,55.6,-20.8,-0.62,-0.31,Matches
364,Victor Moses\Victor-Moses,ng NGA,FW,Chelsea,27,1990,2,28,14,0.8,0.3,0,,2,13,2,2,0,1,-1,-3.21,-3.88,0.5,0.1,0.4,1.25,0.64,Matches
365,Steve Mounié\Steve-Mounie,bj BEN,FW,Huddersfield,23,1994,31,1778,57,52,19.8,19,79,12,24,2,0.48,12,37,-25,-1.27,0.32,14.3,27.8,-13.6,-0.69,0.46,Matches
366,Lucas Moura\Lucas-Moura,br BRA,FWMF,Tottenham,25,1992,32,2121,66,62,23.6,25,81,7,15,4,1.81,40,18,22,0.93,0.52,33.7,27.1,6.7,0.28,0.04,Matches
367,Lys Mousset\Lys-Mousset,fr FRA,FWMF,Bournemouth,22,1996,24,368,15,10.8,4.1,1,113,23,11,10,1,3,15,-12,-2.93,-2.88,5.5,9.9,-4.3,-1.06,-1.11,Matches
368,João Moutinho\Joao-Moutinho,pt POR,MF,Wolves,31,1986,38,3032,80,88.7,33.7,35,85,3,21,0,1.5,41,39,2,0.06,0.29,42.6,34,8.6,0.26,-0.4,Matches
369,Arijanet Muric\Arijanet-Muric,xk KVX,GK,Manchester City,19,1998,0,,,,,0,,0,,36,,,,,,,,,,,,Matches
370,Brian Murphy\Brian-Murphy,ie IRL,GK,Cardiff City,35,1983,0,,,,,0,,0,,12,,,,,,,,,,,,Matches
371,Jacob Murphy\Jacob-Murphy,eng ENG,MFFW,Newcastle Utd,23,1995,9,302,34,8.8,3.4,3,70,6,16,7,0.22,1,8,-7,-2.09,-2.11,2.9,4.8,-1.9,-0.57,-0.23,Matches
372,Josh Murphy\Josh-Murphy,eng ENG,FWMF,Cardiff City,23,1995,29,1817,63,53.1,20.2,22,77,7,18,4,0.9,17,32,-15,-0.74,0.38,24.2,26.6,-2.4,-0.12,0.99,Matches
373,Glenn Murray\Glenn-Murray,eng ENG,FW,Brighton,34,1983,38,2508,66,73.3,27.9,30,78,8,20,0,0.95,27,45,-18,-0.65,0.04,26.3,40.7,-14.4,-0.52,0.23,Matches
374,Shkodran Mustafi\Shkodran-Mustafi,de GER,DF,Arsenal,26,1992,31,2611,84,76.3,29,31,84,0,,4,1.84,51,40,11,0.38,-0.84,42.8,43.4,-0.7,-0.02,-0.4,Matches
375,Yoshinori Mut?\Yoshinori-Muto,jp JPN,FW,Newcastle Utd,26,1992,17,524,31,15.3,5.8,5,75,12,12,10,0.65,6,10,-4,-0.69,-0.62,6.9,10.2,-3.3,-0.56,-0.24,Matches
376,Georges-Kévin N'Koudou\Georges-Kevin-NKoudou,fr FRA,FW,Tottenham,23,1995,1,5,5,0.1,0.1,0,,1,4,2,3,1,0,1,18,17.29,0.3,0,0.3,4.74,4.48,Matches
377,Samir Nasri\Samir-Nasri,fr FRA,MF,West Ham,31,1987,5,245,49,7.2,2.7,3,61,2,32,4,1.2,4,2,2,0.73,0.88,3.2,4.3,-1.1,-0.41,-0.11,Matches
378,Marc Navarro\Marc-Navarro,es ESP,DF,Watford,23,1995,2,84,42,2.5,0.9,1,84,1,0,5,1.5,0,3,-3,-3.21,-3.11,1.5,1.4,0.1,0.15,0.33,Matches
379,Wilfred Ndidi\Wilfred-Ndidi,ng NGA,MF,Leicester City,21,1996,38,3296,87,96.4,36.6,37,88,1,58,0,1.37,48,47,1,0.03,-1.42,46.4,41.7,4.7,0.13,-1.3,Matches
380,Rúben Neves\Ruben-Neves,pt POR,MF,Wolves,21,1997,35,3007,86,87.9,33.4,34,88,1,17,2,1.43,41,43,-2,-0.06,-0.71,43.4,33.3,10.1,0.3,0.02,Matches
381,Oumar Niasse\Oumar-Niasse,sn SEN,FWMF,Everton,28,1990,5,63,13,1.8,0.7,0,,5,12,3,1,0,0,0,0,-0.21,0.9,0.3,0.7,0.93,0.91,Matches
382,Oumar Niasse\Oumar-Niasse,sn SEN,FW,Cardiff City,28,1990,13,931,72,27.2,10.3,12,77,1,12,0,0.92,8,13,-5,-0.48,0.6,9.7,16.1,-6.4,-0.62,-0.05,Matches
383,Eddie Nketiah\Eddie-Nketiah,eng ENG,MFFW,Arsenal,19,1999,5,67,13,2,0.7,0,,5,12,14,1.8,3,3,0,0,-0.59,1.7,2.8,-1.1,-1.42,-1.53,Matches
384,Mark Noble\Mark-Noble,eng ENG,MF,West Ham,31,1987,31,2291,74,67,25.5,29,78,2,20,4,1.55,40,30,10,0.39,1.43,33.3,39.3,-6,-0.24,0.23,Matches
385,Håvard Nordtveit\Havard-Nordtveit,no NOR,DF,Fulham,28,1990,5,362,72,10.6,4,4,90,1,1,1,0.6,3,10,-7,-1.74,-0.56,3.1,6.6,-3.5,-0.88,-0.23,Matches
386,Will Norris\Will-Norris,eng ENG,GK,Wolves,24,1993,1,1,1,0,0,0,,1,0,1,3,0,0,0,0,-0.03,0,0,0,0,-0.3,Matches
387,Michael Obafemi\Michael-Obafemi,ie IRL,FW,Southampton,18,2000,6,137,23,4,1.5,1,66,5,14,0,0.83,3,3,0,0,0.55,2.6,2.7,0,-0.03,0.23,Matches
388,Pedro Obiang\Pedro-Obiang,gq EQG,MF,West Ham,26,1992,24,1128,47,33,12.5,12,78,12,16,10,1.63,14,21,-7,-0.56,-0.72,14.5,19.3,-4.8,-0.38,-0.1,Matches
389,Denis Odoi\Denis-Odoi,be BEL,DF,Fulham,30,1988,31,2594,84,75.8,28.8,29,88,2,23,3,0.84,28,62,-34,-1.18,0.24,30.4,48.1,-17.7,-0.61,0.24,Matches
390,Nnamdi Ofoborh\Nnamdi-Ofoborh,ng NGA,MF,Bournemouth,18,1999,0,,,,,0,,0,,2,,,,,,,,,,,,Matches
391,Angelo Ogbonna\Angelo-Ogbonna,it ITA,DF,West Ham,30,1988,24,1874,78,54.8,20.8,20,90,4,18,12,1.21,24,36,-12,-0.58,-1.1,24.2,38.2,-14.1,-0.68,-0.8,Matches
392,Stefano Okaka\Stefano-Okaka,it ITA,FW,Watford,28,1989,2,24,12,0.7,0.3,0,,2,11,5,1.5,0,1,-1,-3.75,-3.59,0.7,0.5,0.2,0.8,0.98,Matches
393,Shinji Okazaki\Shinji-Okazaki,jp JPN,FWMF,Leicester City,32,1986,21,288,14,8.4,3.2,1,89,20,10,8,1.14,7,4,3,0.94,0.94,4.2,4.6,-0.3,-0.11,-0.31,Matches
394,Divock Origi\Divock-Origi,be BEL,FW,Liverpool,23,1995,12,371,31,10.8,4.1,4,72,8,10,13,2.5,11,2,9,2.18,0.47,7.2,3.7,3.5,0.86,-0.33,Matches
395,Nicolás Otamendi\Nicolas-Otamendi,ar ARG,DF,Manchester City,30,1988,18,1236,69,36.1,13.7,14,87,4,3,17,2.83,36,7,29,2.11,0.34,34.5,7.2,27.3,1.99,0.79,Matches
396,Alex Oxlade-Chamberlain\Alex-Oxlade-Chamberlain,eng ENG,MFFW,Liverpool,24,1993,2,21,11,0.6,0.2,0,,2,10,1,3,1,0,1,4.29,2.54,1.3,0,1.3,5.77,4.65,Matches
397,Mesut Özil\Mesut-Ozil,de GER,MFFW,Arsenal,29,1988,24,1735,72,50.7,19.3,20,81,4,28,3,1.75,35,24,11,0.57,-0.02,28.4,25.4,3,0.16,0.18,Matches
398,Emerson Palmieri\Emerson-Palmieri,it ITA,DF,Chelsea,23,1994,10,663,66,19.4,7.4,7,90,3,10,6,1.7,10,11,-1,-0.14,-0.95,10.2,7.1,3,0.41,-0.25,Matches
399,Sokratis Papastathopoulos\Sokratis-Papastathopoulos,gr GRE,DF,Arsenal,30,1988,25,2198,88,64.3,24.4,25,88,0,,3,1.84,44,33,11,0.45,-0.36,36.1,34.3,1.8,0.07,0.01,Matches
400,Callum Paterson\Callum-Paterson,sco SCO,FWMF,Cardiff City,23,1994,27,1998,74,58.4,22.2,21,87,6,27,2,1,21,41,-20,-0.9,0.05,22.7,33.6,-10.9,-0.49,0.22,Matches
401,Rui Patrício\Rui-Patricio,pt POR,GK,Wolves,30,1988,37,3329,90,97.3,37,37,90,0,,0,1.46,45,46,-1,-0.03,-2.01,47.3,37.9,9.4,0.25,-1.73,Matches
402,Pedro\Pedro,es ESP,FW,Chelsea,31,1987,31,1778,57,52,19.8,21,75,10,21,2,1.94,31,19,12,0.61,-0.05,28.8,19.1,9.8,0.49,-0.25,Matches
403,Lee Peltier\Lee-Peltier,eng ENG,DF,Cardiff City,31,1986,20,1544,77,45.1,17.2,17,88,3,17,11,1.1,17,26,-9,-0.52,0.72,19,30.8,-11.8,-0.69,-0.19,Matches
404,Adalberto Peñaranda\Adalberto-Penaranda,ve VEN,FW,Watford,21,1997,0,,,,,0,,0,,2,,,,,,,,,,,,Matches
405,Andreas Pereira\Andreas-Pereira,br BRA,MF,Manchester Utd,22,1996,15,599,40,17.5,6.7,6,72,9,19,9,1.47,8,13,-5,-0.75,-1.26,8.9,9,-0.1,-0.02,-0.4,Matches
406,Ricardo Pereira\Ricardo-Pereira,pt POR,DFFW,Leicester City,24,1993,35,3123,89,91.3,34.7,35,89,0,,3,1.34,46,45,1,0.03,-0.58,43.9,37.6,6.3,0.18,0.06,Matches
407,Roberto Pereyra\Roberto-Pereyra,ar ARG,FWMF,Watford,27,1991,33,2815,85,82.3,31.3,33,85,0,,0,1.3,42,53,-11,-0.35,-0.95,40.3,44.2,-3.9,-0.13,0.25,Matches
408,Ayoze Pérez\Ayoze-Perez,es ESP,FWMF,Newcastle Utd,25,1993,37,2917,79,85.3,32.4,34,83,3,29,1,1.22,40,35,5,0.15,2.12,34.7,40.8,-6.1,-0.19,1.15,Matches
409,Lucas Pérez\Lucas-Perez,es ESP,FW,West Ham,29,1988,15,475,32,13.9,5.3,4,56,11,23,9,1.4,11,13,-2,-0.38,-0.35,6.8,9.8,-3,-0.56,-0.29,Matches
410,Jordan Pickford\Jordan-Pickford,eng ENG,GK,Everton,24,1994,38,3420,90,100,38,38,90,0,,0,1.42,54,46,8,0.21,,46.5,45,1.6,0.04,,Matches
411,Paul Pogba\Paul-Pogba,fr FRA,MF,Manchester Utd,25,1993,35,3006,86,87.9,33.4,34,88,1,15,2,1.8,56,43,13,0.39,0.82,53.6,39.3,14.3,0.43,1.03,Matches
412,Joe Powell\Joe-Powell,eng ENG,MF,West Ham,19,1998,0,,,,,0,,0,,1,,,,,,,,,,,,Matches
413,Alex Pritchard\Alex-Pritchard,eng ENG,MFFW,Huddersfield,25,1993,30,2081,69,60.8,23.1,26,78,4,15,7,0.47,17,40,-23,-0.99,1.09,20.3,34.9,-14.6,-0.63,0.7,Matches
414,Sebastian Prödl\Sebastian-Prodl,at AUT,DF,Watford,31,1987,1,13,13,0.4,0.1,0,,1,13,3,3,0,0,0,0,0.18,0,0.3,-0.3,-1.99,-1.83,Matches
415,Davy Pröpper\Davy-Propper,nl NED,MF,Brighton,26,1991,30,2546,85,74.4,28.3,30,85,0,,0,0.93,27,45,-18,-0.64,0.08,27.6,39.7,-12.1,-0.43,0.59,Matches
416,Marc Pugh\Marc-Pugh,eng ENG,FWMF,Bournemouth,31,1987,0,,,,,0,,0,,3,,,,,,,,,,,,Matches
417,Jason Puncheon\Jason-Puncheon,eng ENG,MF,Crystal Palace,32,1986,5,13,3,0.4,0.1,0,,5,2,11,2,0,0,0,0,0.05,0.1,0,0,0.32,0.28,Matches
418,Jason Puncheon\Jason-Puncheon,eng ENG,MFFW,Huddersfield,32,1986,6,382,64,11.2,4.2,5,72,1,23,2,0.17,0,9,-9,-2.12,-0.79,3.1,6.9,-3.8,-0.9,0.01,Matches
419,Collin Quaner\Collin-Quaner,de GER,FWMF,Huddersfield,27,1991,2,39,20,1.1,0.4,0,,2,19,2,0,1,2,-1,-2.31,-0.9,0.5,0.6,-0.1,-0.2,0.72,Matches
420,Domingos Quina\Domingos-Quina,pt POR,MF,Watford,18,1999,8,338,42,9.9,3.8,3,79,5,20,11,1.5,8,5,3,0.8,1.09,6.8,6,0.8,0.21,0.42,Matches
421,Joe Ralls\Joe-Ralls,eng ENG,MF,Cardiff City,24,1993,28,1959,70,57.3,21.8,22,85,6,16,3,0.89,14,40,-26,-1.19,-0.64,20.5,38.3,-17.8,-0.82,-0.55,Matches
422,Sandro Ramírez\Sandro-Ramirez,es ESP,FW,Everton,23,1995,0,,,,,0,,0,,1,,,,,,,,,,,,Matches
423,Aaron Ramsey\Aaron-Ramsey,wal WAL,MFFW,Arsenal,27,1990,28,1331,48,38.9,14.8,14,73,14,22,3,1.93,31,13,18,1.22,1.04,20,20.3,-0.3,-0.02,-0.15,Matches
424,Kayne Ramsey\Kayne-Ramsey,eng ENG,DF,Southampton,17,2000,1,90,90,2.6,1,1,90,0,,10,0,1,3,-2,-2,-1.51,0.4,2.6,-2.2,-2.23,-2.03,Matches
425,Marcus Rashford\Marcus-Rashford,eng ENG,FW,Manchester Utd,20,1997,33,2334,71,68.2,25.9,26,82,7,28,2,1.79,45,35,10,0.39,0.3,41,28.8,12.2,0.47,0.52,Matches
426,Tim Ream\Tim-Ream,us USA,DF,Fulham,30,1987,26,2047,79,59.9,22.7,25,82,1,6,5,0.69,18,49,-31,-1.36,-0.31,23.6,35.5,-12,-0.53,0.36,Matches
427,Nathan Redmond\Nathan-Redmond,eng ENG,FWMF,Southampton,24,1994,38,3270,86,95.6,36.3,36,88,2,45,0,1.03,43,58,-15,-0.41,2.59,44.4,50,-5.6,-0.15,2.19,Matches
428,Bobby Reid\Bobby-Reid,jm JAM,FWMF,Cardiff City,25,1993,27,1424,53,41.6,15.8,16,81,11,12,11,0.89,19,30,-11,-0.7,0.39,19,27.1,-8.1,-0.51,0.12,Matches
429,Declan Rice\Declan-Rice,eng ENG,MF,West Ham,19,1999,34,3003,88,87.8,33.4,34,88,0,,2,1.44,47,47,0,0,0.65,42.8,54.4,-11.5,-0.35,-0.26,Matches
430,Jazz Richards\Jazz-Richards,wal WAL,DFMF,Cardiff City,27,1991,4,132,33,3.9,1.5,0,,4,32,6,1.5,1,4,-3,-2.05,-1.17,1,3.8,-2.8,-1.93,-1.4,Matches
431,Richarlison\Richarlison,br BRA,FWMF,Everton,21,1997,35,2665,76,77.9,29.6,32,81,3,24,0,1.49,38,34,4,0.14,-0.34,37.6,36.5,1.1,0.04,-0.02,Matches
432,Diego Rico\Diego-Rico,es ESP,DFMF,Bournemouth,25,1993,12,612,51,17.9,6.8,5,80,7,30,15,0.25,5,19,-14,-2.06,-2.06,5.8,12.1,-6.3,-0.92,-1.04,Matches
433,Sergio Rico\Sergio-Rico,es ESP,GK,Fulham,24,1993,29,2610,90,76.3,29,29,90,0,,6,0.72,23,56,-33,-1.14,0.42,29.8,45.6,-15.8,-0.55,0.53,Matches
434,Jaïro Riedewald\Jairo-Riedewald,nl NED,DF,Crystal Palace,21,1996,0,,,,,0,,0,,17,,,,,,,,,,,,Matches
435,Matt Ritchie\Matt-Ritchie,sco SCO,DFMF,Newcastle Utd,28,1989,36,2928,81,85.6,32.5,35,83,1,9,0,1.22,35,40,-5,-0.15,0.03,31.6,42.8,-11.3,-0.35,0.09,Matches
436,Cal Roberts\Cal-Roberts,eng ENG,FWMF,Newcastle Utd,21,1997,0,,,,,0,,0,,2,,,,,,,,,,,,Matches
437,Andrew Robertson\Andrew-Robertson,sco SCO,DF,Liverpool,24,1994,36,3216,89,94,35.7,36,89,0,,1,2.53,81,20,61,1.71,-0.94,68,28.1,40,1.12,-0.46,Matches
438,Marcos Rojo\Marcos-Rojo,ar ARG,DF,Manchester Utd,28,1990,5,212,42,6.2,2.4,2,74,3,21,6,2.2,4,5,-1,-0.42,-0.76,3.6,3.6,0,0.01,-0.32,Matches
439,Sergio Romero\Sergio-Romero,ar ARG,GK,Manchester Utd,31,1987,0,,,,,0,,0,,29,,,,,,,,,,,,Matches
440,Oriol Romeu\Oriol-Romeu,es ESP,MF,Southampton,26,1991,31,2136,69,62.5,23.7,25,81,6,19,2,1.13,29,37,-8,-0.34,0.5,28,34.1,-6.2,-0.26,-0.03,Matches
441,Salomón Rondón\Salomon-Rondon,ve VEN,FW,Newcastle Utd,28,1989,32,2603,81,76.1,28.9,30,85,2,26,3,1.38,37,31,6,0.21,1.53,30.8,37.6,-6.8,-0.24,0.51,Matches
442,Danny Rose\Danny-Rose,eng ENG,DFMF,Tottenham,28,1990,26,1798,69,52.6,20,20,87,6,9,5,1.77,35,16,19,0.95,0.45,28.5,23.8,4.7,0.23,-0.07,Matches
443,Aaron Rowe\Aaron-Rowe,eng ENG,FW,Huddersfield,17,2000,2,69,35,2,0.8,1,55,1,14,2,0,2,1,1,1.3,2.78,0.4,1.8,-1.3,-1.75,-0.86,Matches
444,John Ruddy\John-Ruddy,eng ENG,GK,Wolves,31,1986,1,90,90,2.6,1,1,90,0,,36,3,2,0,2,2,2.03,2.6,0.6,2,2.01,1.75,Matches
445,Antonio Rüdiger\Antonio-Rudiger,de GER,DF,Chelsea,25,1993,33,2871,87,83.9,31.9,33,87,0,,2,1.85,50,35,15,0.47,-1.01,47.6,30.3,17.3,0.54,-0.45,Matches
446,Mathew Ryan\Mathew-Ryan,au AUS,GK,Brighton,26,1992,34,3060,90,89.5,34,34,90,0,,0,0.94,31,55,-24,-0.71,-0.46,31.8,50.2,-18.5,-0.54,0.34,Matches
447,Abdelhamid Sabiri\Abdelhamid-Sabiri,de GER,FW,Huddersfield,21,1996,2,48,24,1.4,0.5,1,45,1,3,0,0,1,3,-2,-3.75,-2.36,0.5,1.7,-1.2,-2.31,-1.43,Matches
448,Romain Saïss\Romain-Saiss,ma MAR,MFDF,Wolves,28,1990,19,1149,60,33.6,12.8,12,87,7,16,15,1.63,18,17,1,0.08,0.08,15.2,12.9,2.3,0.18,-0.18,Matches
449,Bukayo Saka\Bukayo-Saka,eng ENG,FW,Arsenal,16,2001,1,8,8,0.2,0.1,0,,1,7,2,3,0,0,0,0,-0.58,0.1,0,0.1,0.86,0.8,Matches
450,Mamadou Sakho\Mamadou-Sakho,fr FRA,DF,Crystal Palace,28,1990,27,2416,89,70.6,26.8,27,89,0,,0,1.11,29,35,-6,-0.22,-0.58,33.4,32.7,0.8,0.03,-0.05,Matches
451,Bakary Sako\Bakary-Sako,ml MLI,FWMF,Crystal Palace,30,1988,4,29,7,0.8,0.3,0,,4,6,3,2.25,0,2,-2,-6.21,-6.21,0.2,1.1,-0.9,-2.82,-2.88,Matches
452,Mohamed Salah\Mohamed-Salah,eg EGY,FW,Liverpool,26,1992,38,3250,86,95,36.1,37,87,1,25,0,2.55,82,20,62,1.72,-0.93,69.6,28.1,41.5,1.15,0.04,Matches
453,Alexis Sánchez\Alexis-Sanchez,cl CHI,FWMF,Manchester Utd,29,1988,20,880,44,25.7,9.8,9,70,11,23,3,1.85,19,10,9,0.92,0.85,16.9,13.7,3.2,0.33,0.03,Matches
454,Carlos Sánchez\Carlos-Sanchez,co COL,MF,West Ham,32,1986,7,245,35,7.2,2.7,2,93,5,12,0,1.43,1,4,-3,-1.1,-1.1,3.2,4,-0.8,-0.28,0.04,Matches
455,Davinson Sánchez\Davinson-Sanchez,co COL,DF,Tottenham,22,1996,23,1942,84,56.8,21.6,22,88,1,11,7,1.74,32,22,10,0.46,-0.63,28.7,23.1,5.7,0.26,-0.01,Matches
456,Max Sanders\Max-Sanders,eng ENG,MF,Brighton,19,1999,0,,,,,0,,0,,1,,,,,,,,,,,,Matches
457,Philippe Sandler\Philippe-Sandler,nl NED,DF,Manchester City,21,1997,0,,,,,0,,0,,1,,,,,,,,,,,,Matches
458,Leroy Sané\Leroy-Sane,de GER,FW,Manchester City,22,1996,31,1867,60,54.6,20.7,21,79,10,20,6,2.48,54,14,40,1.93,0.07,45.6,15,30.5,1.47,-0.03,Matches
459,Fabian Schär\Fabian-Schar,ch SUI,DF,Newcastle Utd,26,1991,24,1999,83,58.5,22.2,22,87,2,45,7,1.71,30,23,7,0.32,1.14,26.2,28.1,-2,-0.09,0.65,Matches
460,Christopher Schindler\Christopher-Schindler,de GER,DF,Huddersfield,28,1990,37,3260,88,95.3,36.2,37,88,0,,0,0.43,19,71,-52,-1.44,-0.31,27.3,60.9,-33.6,-0.93,-0.42,Matches
461,Jeffrey Schlupp\Jeffrey-Schlupp,gh GHA,MFFW,Crystal Palace,25,1992,30,1670,56,48.8,18.6,18,83,12,15,4,1.1,23,26,-3,-0.16,-0.21,23.6,27.2,-3.6,-0.19,-0.46,Matches
462,Kasper Schmeichel\Kasper-Schmeichel,dk DEN,GK,Leicester City,31,1986,38,3420,90,100,38,38,90,0,,0,1.37,51,48,3,0.08,,49.3,42.6,6.7,0.18,,Matches
463,Morgan Schneiderlin\Morgan-Schneiderlin,fr FRA,MF,Everton,28,1989,14,834,60,24.4,9.3,10,78,4,15,5,1.86,16,9,7,0.76,0.72,11.1,7.4,3.7,0.4,0.48,Matches
464,Ryan Schofield\Ryan-Schofield,eng ENG,GK,Huddersfield,18,1999,0,,,,,0,,0,,1,,,,,,,,,,,,Matches
465,André Schürrle\Andre-Schurrle,de GER,FWMF,Fulham,27,1990,24,1641,68,48,18.2,21,77,3,10,4,0.54,16,43,-27,-1.48,-0.47,16.8,30.8,-14,-0.77,-0.18,Matches
466,Ken Sema\Ken-Sema,se SWE,FWMF,Watford,24,1993,17,754,44,22,8.4,9,69,8,17,14,1.88,12,9,3,0.36,0.7,10.1,10,0.1,0.01,0.23,Matches
467,Jean Seri\Jean-Seri,ci CIV,MF,Fulham,27,1991,32,2244,70,65.6,24.9,27,79,5,21,2,0.72,26,54,-28,-1.12,0.33,28.1,41.5,-13.4,-0.54,0.39,Matches
468,Ryan Sessegnon\Ryan-Sessegnon,eng ENG,FWDF,Fulham,18,2000,35,2300,66,67.3,25.6,26,82,9,17,1,0.71,23,60,-37,-1.45,-0.64,27.9,48.5,-20.6,-0.81,-0.41,Matches
469,Steven Sessegnon\Steven-Sessegnon,eng ENG,DF,Fulham,18,2000,0,,,,,0,,0,,5,,,,,,,,,,,,Matches
470,Xherdan Shaqiri\Xherdan-Shaqiri,ch SUI,FWMF,Liverpool,26,1991,24,1064,44,31.1,11.8,11,77,13,17,13,2.46,34,6,28,2.37,0.88,24.8,10,14.8,1.25,0.15,Matches
471,Luke Shaw\Luke-Shaw,eng ENG,DF,Manchester Utd,23,1995,29,2591,89,75.8,28.8,29,89,0,,0,1.79,52,39,13,0.45,0.67,46.2,35.8,10.4,0.36,0.23,Matches
472,Jonjo Shelvey\Jonjo-Shelvey,eng ENG,MF,Newcastle Utd,26,1992,16,948,59,27.7,10.5,10,85,6,17,7,0.94,11,13,-2,-0.19,-0.04,10.4,15,-4.6,-0.44,-0.11,Matches
473,Gylfi Sigurðsson\Gylfi-Sigurdsson,is ISL,MF,Everton,28,1989,38,3117,82,91.1,34.6,36,85,2,26,0,1.42,51,41,10,0.29,0.88,43.8,40.2,3.6,0.1,0.72,Matches
474,Adrien Silva\Adrien-Silva,pt POR,MF,Leicester City,29,1989,2,88,44,2.6,1,1,80,1,8,2,1.5,0,1,-1,-1.02,-1.13,0.4,1.5,-1,-1.06,-1.27,Matches
475,Bernardo Silva\Bernardo-Silva,pt POR,MFFW,Manchester City,23,1994,36,2854,79,83.5,31.7,31,88,5,27,1,2.56,78,22,56,1.77,-0.78,68.5,22.8,45.7,1.44,-0.27,Matches
476,David Silva\David-Silva,es ESP,MF,Manchester City,32,1986,33,2401,73,70.2,26.7,28,83,5,17,2,2.61,60,14,46,1.72,-0.57,58.1,16.3,41.8,1.57,0.27,Matches
477,Xande Silva\Xande-Silva,pt POR,FW,West Ham,21,1997,1,18,18,0.5,0.2,0,,1,17,4,0,0,0,0,0,0.08,0.3,0.1,0.2,0.92,1.24,Matches
478,Danny Simpson\Danny-Simpson,eng ENG,DF,Leicester City,31,1987,6,292,49,8.5,3.2,3,82,3,15,7,1.83,4,4,0,0,-0.09,4,3.5,0.6,0.17,0,Matches
479,Jack Simpson\Jack-Simpson,eng ENG,DF,Bournemouth,21,1997,6,403,67,11.8,4.5,4,83,2,35,11,1.17,7,9,-2,-0.45,-0.09,5.3,8.1,-2.8,-0.61,-0.62,Matches
480,Josh Sims\Josh-Sims,eng ENG,FWMF,Southampton,21,1997,7,212,30,6.2,2.4,2,55,5,21,3,1.57,4,6,-2,-0.85,-0.34,2.9,3,-0.1,-0.03,0.23,Matches
481,Moussa Sissoko\Moussa-Sissoko,fr FRA,MF,Tottenham,28,1989,29,2330,80,68.1,25.9,27,86,2,8,1,1.93,45,28,17,0.66,-0.25,36.6,30.6,6,0.23,-0.12,Matches
482,Oliver Skipp\Oliver-Skipp,eng ENG,MFFW,Tottenham,17,2000,8,220,28,6.4,2.4,2,75,6,12,13,2.75,4,1,3,1.23,0.52,2.4,3.6,-1.2,-0.49,-0.81,Matches
483,Callum Slattery\Callum-Slattery,eng ENG,MF,Southampton,19,1999,3,112,37,3.3,1.2,1,92,2,10,7,1.67,1,1,0,0,0.54,1.3,2.7,-1.4,-1.14,-0.92,Matches
484,Chris Smalling\Chris-Smalling,eng ENG,DF,Manchester Utd,28,1989,24,2127,89,62.2,23.6,24,89,0,,4,1.58,35,36,-1,-0.04,-0.88,35.3,30.1,5.2,0.22,-0.22,Matches
485,Adam Smith\Adam-Smith,eng ENG,DF,Bournemouth,27,1991,25,2066,83,60.4,23,25,83,0,,0,1.44,36,32,4,0.17,1.37,35.1,31.2,3.9,0.17,0.6,Matches
486,Tommy Smith\Tommy-Smith,eng ENG,DF,Huddersfield,26,1992,15,1141,76,33.4,12.7,13,82,2,36,10,0.33,11,35,-24,-1.89,-0.71,9.9,28.9,-18.9,-1.49,-0.88,Matches
487,Emile Smith-Rowe\Emile-Smith-Rowe,eng ENG,MF,Arsenal,18,2000,0,,,,,0,,0,,3,,,,,,,,,,,,Matches
488,Alex Smithies\Alex-Smithies,eng ENG,GK,Cardiff City,28,1990,0,,,,,0,,0,,26,,,,,,,,,,,,Matches
489,Robert Snodgrass\Robert-Snodgrass,sco SCO,MFFW,West Ham,30,1987,33,2220,67,64.9,24.7,25,82,8,23,3,1.3,32,33,-1,-0.04,0.11,30.4,37.8,-7.4,-0.3,0.04,Matches
490,Cédric Soares\Cedric-Soares,pt POR,DF,Southampton,26,1991,18,1495,83,43.7,16.6,16,88,2,44,0,0.89,15,31,-16,-0.96,-0.78,19.2,24.5,-5.3,-0.32,-0.12,Matches
491,Ramadan Sobhi\Ramadan-Sobhi,eg EGY,FW,Huddersfield,21,1997,4,79,20,2.3,0.9,0,,4,19,5,0,0,1,-1,-1.14,0.29,0.5,1.3,-0.8,-0.87,0.04,Matches
492,Dominic Solanke\Dominic-Solanke,eng ENG,FW,Bournemouth,20,1997,10,347,35,10.1,3.9,2,79,8,24,1,0.9,6,5,1,0.26,0.7,7.3,6.2,1,0.27,0.37,Matches
493,Pape Souaré\Pape-Souare,sn SEN,DF,Crystal Palace,28,1990,1,1,1,0,0,0,,1,0,0,3,0,0,0,0,0.05,0.1,0,0.1,5.48,5.44,Matches
494,Ça?lar Söyüncü\Caglar-Soyuncu,tr TUR,DF,Leicester City,22,1996,6,372,62,10.9,4.1,4,88,2,11,9,1.5,5,4,1,0.24,0.18,8,5.4,2.7,0.64,0.53,Matches
495,Julián Speroni\Julian-Speroni,ar ARG,GK,Crystal Palace,39,1979,1,90,90,2.6,1,1,90,0,,4,0,3,4,-1,-1,-0.97,0.7,2.5,-1.7,-1.75,-1.84,Matches
496,Junior Stanislas\Junior-Stanislas,eng ENG,MFFW,Bournemouth,28,1989,23,1031,45,30.1,11.5,11,76,12,16,0,1.13,12,24,-12,-1.05,-0.97,17.7,17,0.7,0.06,0.19,Matches
497,Jason Steele\Jason-Steele,eng ENG,GK,Brighton,27,1990,0,,,,,0,,0,,13,,,,,,,,,,,,Matches
498,Maarten Stekelenburg\Maarten-Stekelenburg,nl NED,GK,Everton,35,1982,0,,,,,0,,0,,38,,,,,,,,,,,,Matches
499,Dale Stephens\Dale-Stephens,eng ENG,MF,Brighton,29,1989,30,2485,83,72.7,27.6,29,85,1,11,1,0.83,26,45,-19,-0.69,-0.11,25.7,42.8,-17.1,-0.62,-0.15,Matches
500,Jack Stephens\Jack-Stephens,eng ENG,DF,Southampton,24,1994,24,1700,71,49.7,18.9,19,85,5,15,8,1.04,18,35,-17,-0.9,-0.74,21.8,27.8,-6,-0.32,-0.13,Matches
501,Kazaiah Sterling\Kazaiah-Sterling,eng ENG,FW,Tottenham,19,1998,0,,,,,0,,0,,1,,,,,,,,,,,,Matches
502,Raheem Sterling\Raheem-Sterling,eng ENG,FW,Manchester City,23,1994,34,2771,82,81,30.8,31,86,3,30,4,2.53,75,19,56,1.82,-0.4,64,20.8,43.2,1.4,-0.44,Matches
503,Jamie Sterry\Jamie-Sterry,eng ENG,DF,Newcastle Utd,22,1995,0,,,,,0,,0,,4,,,,,,,,,,,,Matches
504,John Stones\John-Stones,eng ENG,DF,Manchester City,24,1994,24,1764,74,51.6,19.6,20,87,4,7,10,2.42,48,15,33,1.68,-0.44,38.8,15.6,23.2,1.18,-0.62,Matches
505,Daniel Sturridge\Daniel-Sturridge,eng ENG,FWMF,Liverpool,28,1989,18,509,28,14.9,5.7,4,89,14,11,17,2.39,17,5,12,2.12,0.42,10.4,5.9,4.5,0.8,-0.4,Matches
506,Denis Suárez\Denis-Suarez,es ESP,FW,Arsenal,24,1994,4,71,18,2.1,0.8,0,,4,17,4,2.25,1,1,0,0,-0.59,0.2,1.5,-1.3,-1.66,-1.77,Matches
507,Isaac Success\Isaac-Success,ng NGA,FWMF,Watford,22,1996,30,1052,35,30.8,11.7,9,83,21,15,3,1.13,15,21,-6,-0.51,-0.48,14.4,15.5,-1.1,-0.09,0.11,Matches
508,Ki Sung-yueng\Ki-Sung-yueng,kr KOR,MF,Newcastle Utd,29,1989,18,1302,72,38.1,14.5,14,86,4,23,6,1.39,17,20,-3,-0.21,-0.08,15.5,19.6,-4.1,-0.28,0.12,Matches
509,Andrew Surman\Andrew-Surman,eng ENG,MF,Bournemouth,31,1986,18,1439,80,42.1,16,16,89,2,6,12,1.06,16,37,-21,-1.31,-1.63,18.5,25.8,-7.3,-0.46,-0.67,Matches
510,Sam Surridge\Sam-Surridge,eng ENG,FWDF,Bournemouth,20,1998,2,13,7,0.4,0.1,0,,2,6,8,0,0,0,0,0,0.37,0.6,0.2,0.4,2.68,2.76,Matches
511,Markus Suttner\Markus-Suttner,at AUT,DFGK,Brighton,31,1987,0,,,,,0,,0,,1,,,,,,,,,,,,Matches
512,Alexander Sørloth\Alexander-Sorloth,no NOR,FWMF,Crystal Palace,22,1995,12,185,15,5.4,2.1,0,,12,14,5,0.92,2,3,-1,-0.49,-0.46,4.9,3.6,1.3,0.61,0.6,Matches
513,Matt Targett\Matt-Targett,eng ENG,DFMF,Southampton,22,1995,16,1186,74,34.7,13.2,13,83,3,36,12,1.19,18,25,-7,-0.53,-0.01,16.4,23.4,-7,-0.53,-0.43,Matches
514,James Tarkowski\James-Tarkowski,eng ENG,DF,Burnley,25,1992,35,3086,88,90.2,34.3,35,88,0,,1,1.11,42,63,-21,-0.61,-0.07,39.1,56.3,-17.3,-0.5,0.55,Matches
515,Nikola Tavares\Nikola-Tavares,hr CRO,DF,Crystal Palace,19,1999,0,,,,,0,,0,,1,,,,,,,,,,,,Matches
516,Charlie Taylor\Charlie-Taylor,eng ENG,DF,Burnley,24,1993,38,3243,85,94.8,36,35,90,3,30,0,1.05,43,64,-21,-0.58,0.43,40.2,61.1,-21,-0.58,-0.47,Matches
517,Kyle Taylor\Kyle-Taylor,eng ENG,MF,Bournemouth,19,1999,0,,,,,0,,0,,6,,,,,,,,,,,,Matches
518,Youri Tielemans\Youri-Tielemans,be BEL,MF,Leicester City,21,1997,13,1086,84,31.8,12.1,13,84,0,,0,1.54,18,14,4,0.33,0.37,18.2,12.5,5.7,0.47,0.44,Matches
519,James Tomkins\James-Tomkins,eng ENG,DF,Crystal Palace,29,1989,29,2560,88,74.9,28.4,29,88,0,,0,1.21,35,37,-2,-0.07,-0.07,36.2,33.8,2.4,0.09,0.17,Matches
520,Lucas Torreira\Lucas-Torreira,uy URU,MF,Arsenal,22,1996,34,2382,70,69.6,26.5,24,85,10,34,0,1.79,55,38,17,0.64,0.21,41.5,38.2,3.3,0.12,0.17,Matches
521,Cenk Tosun\Cenk-Tosun,tr TUR,FW,Everton,27,1991,25,1059,42,31,11.8,10,82,15,16,11,1.16,21,17,4,0.34,0.19,14.1,15.3,-1.1,-0.1,-0.2,Matches
522,Andros Townsend\Andros-Townsend,eng ENG,FWMF,Crystal Palace,27,1991,38,3009,79,88,33.4,34,87,4,13,0,1.29,41,46,-5,-0.15,-0.81,44.1,40.8,3.2,0.1,0.44,Matches
523,Adama Traoré\Adama-Traore,es ESP,FWDF,Wolves,22,1996,29,902,31,26.4,10,8,65,21,18,8,1.21,9,13,-4,-0.4,-0.58,13.7,10.5,3.2,0.32,0.03,Matches
524,Mark Travers\Mark-Travers,ie IRL,GK,Bournemouth,19,1999,2,180,90,5.3,2,2,90,0,,0,1.5,4,5,-1,-0.5,-0.14,3.4,2.7,0.7,0.35,0.43,Matches
525,Kieran Trippier\Kieran-Trippier,eng ENG,DF,Tottenham,27,1990,27,2276,84,66.5,25.3,26,87,1,21,4,2.04,43,23,20,0.79,0.16,37.5,28.6,8.9,0.35,0.25,Matches
526,Antonio Valencia\Antonio-Valencia,ec ECU,DFMF,Manchester Utd,32,1985,6,466,78,13.6,5.2,5,90,1,16,3,1.67,7,5,2,0.39,0.11,10.3,4.6,5.7,1.11,0.93,Matches
527,Yan Valery\Yan-Valery,fr FRA,DFMF,Southampton,19,1999,23,1712,74,50.1,19,20,83,3,19,1,1.35,27,29,-2,-0.11,0.84,21.2,27.2,-6,-0.31,-0.13,Matches
528,Jamie Vardy\Jamie-Vardy,eng ENG,FW,Leicester City,31,1987,34,2726,80,79.7,30.3,30,86,4,34,0,1.41,45,36,9,0.3,1.08,41.6,33.6,8.1,0.27,0.44,Matches
529,Jan Vertonghen\Jan-Vertonghen,be BEL,DF,Tottenham,31,1987,22,1911,87,55.9,21.2,22,87,0,,1,1.82,33,23,10,0.47,-0.6,32.6,25.7,6.9,0.32,0.12,Matches
530,Jannik Vestergaard\Jannik-Vestergaard,dk DEN,DF,Southampton,25,1992,23,2027,88,59.3,22.5,23,88,0,,7,1.3,29,31,-2,-0.09,1.07,24.9,31.8,-6.9,-0.31,-0.14,Matches
531,Luciano Vietto\Luciano-Vietto,ar ARG,FWMF,Fulham,24,1993,20,986,49,28.8,11,10,73,10,26,10,0.6,14,21,-7,-0.64,0.84,13.2,19.8,-6.6,-0.61,0.09,Matches
532,Rúben Vinagre\Ruben-Vinagre,pt POR,DFMF,Wolves,19,1999,17,710,42,20.8,7.9,7,85,10,11,19,1.65,14,9,5,0.63,0.77,12.6,7,5.6,0.71,0.52,Matches
533,Sam Vokes\Sam-Vokes,wal WAL,FW,Burnley,28,1989,20,915,46,26.8,10.2,10,76,10,16,4,0.75,8,20,-12,-1.18,-0.79,8.5,22.8,-14.3,-1.41,-1.16,Matches
534,Michel Vorm\Michel-Vorm,nl NED,GK,Tottenham,34,1983,2,180,90,5.3,2,2,90,0,,4,0,2,4,-2,-1,-1.83,1.7,3,-1.4,-0.69,-1.01,Matches
535,Mat?j Vydra\Matej-Vydra,cz CZE,FWMF,Burnley,26,1992,13,318,24,9.3,3.5,3,70,10,11,21,0.54,6,7,-1,-0.28,0.36,3.9,8.3,-4.4,-1.25,-0.77,Matches
536,Theo Walcott\Theo-Walcott,eng ENG,FWMF,Everton,29,1989,37,2119,57,62,23.5,24,79,13,17,1,1.38,36,33,3,0.13,-0.22,27,29.7,-2.7,-0.11,-0.41,Matches
537,Kyle Walker\Kyle-Walker,eng ENG,DF,Manchester City,28,1990,33,2779,84,81.3,30.9,30,90,3,26,4,2.61,73,17,56,1.81,-0.43,65,19.8,45.2,1.46,-0.12,Matches
538,Kyle Walker-Peters\Kyle-Walker-Peters,eng ENG,DF,Tottenham,21,1997,6,376,63,11,4.2,4,91,2,7,17,2.17,13,4,9,2.15,1.59,6.6,5.5,1.1,0.26,-0.01,Matches
539,Jonathan Walters\Jonathan-Walters,ie IRL,FWMF,Burnley,34,1983,0,,,,,0,,0,,1,,,,,,,,,,,,Matches
540,Aaron Wan-Bissaka\Aaron-Wan-Bissaka,eng ENG,DF,Crystal Palace,20,1997,35,3134,90,91.6,34.8,35,90,0,,0,1.31,45,46,-1,-0.03,0.29,46.1,44.9,1.3,0.04,-0.08,Matches
541,Victor Wanyama\Victor-Wanyama,ke KEN,MF,Tottenham,27,1991,13,516,40,15.1,5.7,4,81,9,21,7,1.77,8,4,4,0.7,-0.05,8.2,6.4,1.8,0.32,0.06,Matches
542,Danny Ward\Danny-Ward,eng ENG,FW,Cardiff City,26,1991,14,445,32,13,4.9,4,72,10,16,2,0.29,4,14,-10,-2.02,-1.27,6.6,8.4,-1.7,-0.35,0.26,Matches
543,Danny Ward\Danny-Ward,wal WAL,GK,Leicester City,25,1993,0,,,,,0,,0,,38,,,,,,,,,,,,Matches
544,Joel Ward\Joel-Ward,eng ENG,DF,Crystal Palace,28,1989,7,552,79,16.1,6.1,6,90,1,11,25,1.71,17,14,3,0.49,0.65,10.2,8.9,1.3,0.21,0.2,Matches
545,Stephen Ward\Stephen-Ward,ie IRL,DF,Burnley,32,1985,3,228,76,6.7,2.5,3,76,0,,12,0.33,3,6,-3,-1.18,-0.62,2.9,3.2,-0.3,-0.13,0.46,Matches
546,James Ward-Prowse\James-Ward-Prowse,eng ENG,MFDF,Southampton,23,1994,26,1945,75,56.9,21.6,21,89,5,15,9,1.04,28,41,-13,-0.6,-0.17,26.3,33.1,-6.9,-0.32,-0.16,Matches
547,Kelland Watts\Kelland-Watts,eng ENG,DF,Newcastle Utd,18,1999,0,,,,,0,,0,,1,,,,,,,,,,,,Matches
548,Danny Welbeck\Danny-Welbeck,eng ENG,FWMF,Arsenal,27,1990,8,153,19,4.5,1.7,1,68,7,12,2,2.5,6,3,3,1.76,1.24,2.3,2.5,-0.2,-0.13,-0.21,Matches
549,Ashley Westwood\Ashley-Westwood,eng ENG,MF,Burnley,28,1990,34,2824,83,82.6,31.4,31,90,3,16,3,1.15,44,55,-11,-0.35,1.46,37.1,49.4,-12.3,-0.39,0.94,Matches
550,Ben White\Ben-White,eng ENG,DF,Brighton,20,1997,0,,,,,0,,0,,1,,,,,,,,,,,,Matches
551,Alfie Whiteman\Alfie-Whiteman,eng ENG,GK,Tottenham,19,1998,0,,,,,0,,0,,2,,,,,,,,,,,,Matches
552,Connor Wickham\Connor-Wickham,eng ENG,FW,Crystal Palace,25,1993,6,67,11,2,0.7,0,,6,10,4,1.17,2,1,1,1.34,1.42,2.8,1.2,1.6,2.12,2.11,Matches
553,Georginio Wijnaldum\Georginio-Wijnaldum,nl NED,MF,Liverpool,27,1990,35,2725,78,79.7,30.3,32,83,3,28,0,2.57,69,16,53,1.75,-0.06,57,24.2,32.8,1.08,-0.3,Matches
554,Danny Williams\Danny-Williams,us USA,MF,Huddersfield,29,1989,5,96,19,2.8,1.1,1,73,4,6,5,0.6,0,1,-1,-0.94,0.5,0.4,1.8,-1.3,-1.24,-0.35,Matches
555,Willian\Willian,br BRA,FW,Chelsea,29,1988,32,2097,66,61.3,23.3,26,76,6,21,5,1.94,38,25,13,0.56,-0.19,36,22,14,0.6,-0.03,Matches
556,Joe Willock\Joe-Willock,eng ENG,MF,Arsenal,18,1999,2,64,32,1.9,0.7,1,62,1,2,4,3,1,1,0,0,-0.59,0.8,1.3,-0.5,-0.67,-0.76,Matches
557,Ben Wilmot\Ben-Wilmot,eng ENG,MF,Watford,18,1999,2,28,14,0.8,0.3,0,,2,13,5,1.5,0,2,-2,-6.43,-6.3,0.1,0.5,-0.4,-1.24,-1.08,Matches
558,Jack Wilshere\Jack-Wilshere,eng ENG,MF,West Ham,26,1992,8,392,49,11.5,4.4,4,84,4,14,1,1.25,7,10,-3,-0.69,-0.69,7.6,8.1,-0.5,-0.11,0.23,Matches
559,Callum Wilson\Callum-Wilson,eng ENG,FW,Bournemouth,26,1992,30,2528,84,73.9,28.1,29,86,1,32,0,1.37,47,47,0,0,1.41,41.9,38.1,3.9,0.14,0.78,Matches
560,Harry Winks\Harry-Winks,eng ENG,MF,Tottenham,22,1996,26,1597,61,46.7,17.7,17,87,9,13,2,2.08,34,17,17,0.96,0.41,25.8,20.6,5.1,0.29,0.04,Matches
561,Chris Wood\Chris-Wood,nz NZL,FW,Burnley,26,1991,38,2588,68,75.7,28.8,29,83,9,22,0,1.05,35,49,-14,-0.49,0.49,32.4,42.8,-10.4,-0.36,0.81,Matches
562,Freddie Woodman\Freddie-Woodman,eng ENG,GK,Newcastle Utd,21,1997,0,,,,,0,,0,,15,,,,,,,,,,,,Matches
563,Sam Woods\Sam-Woods,eng ENG,DF,Crystal Palace,19,1998,0,,,,,0,,0,,1,,,,,,,,,,,,Matches
564,Granit Xhaka\Granit-Xhaka,ch SUI,MFDF,Arsenal,25,1992,29,2498,86,73,27.8,29,86,0,,2,1.86,54,37,17,0.61,0.12,42.8,38.6,4.3,0.15,0.3,Matches
565,Andriy Yarmolenko\Andriy-Yarmolenko,ua UKR,FWMF,West Ham,28,1989,9,459,51,13.4,5.1,5,71,4,27,0,0.78,5,6,-1,-0.2,-0.14,4.4,6.5,-2.1,-0.41,-0.11,Matches
566,DeAndre Yedlin\DeAndre-Yedlin,us USA,DF,Newcastle Utd,25,1993,29,2473,85,72.3,27.5,28,88,1,6,5,0.97,28,40,-12,-0.44,-1.01,28.6,41.8,-13.2,-0.48,-0.44,Matches
567,Maya Yoshida\Maya-Yoshida,jp JPN,DF,Southampton,29,1988,17,1518,89,44.4,16.9,17,89,0,,12,1.29,26,29,-3,-0.18,0.63,21,22,-1,-0.06,0.34,Matches
568,Ashley Young\Ashley-Young,eng ENG,DF,Manchester Utd,33,1985,30,2569,86,75.1,28.5,28,89,2,41,6,1.63,50,43,7,0.25,-0.18,43,38.1,4.9,0.17,-0.53,Matches
569,Pablo Zabaleta\Pablo-Zabaleta,ar ARG,DF,West Ham,33,1985,26,2092,80,61.2,23.2,23,87,3,32,7,1.38,35,35,0,0,0.2,31.4,34.1,-2.7,-0.12,0.51,Matches
570,Wilfried Zaha\Wilfried-Zaha,ci CIV,FW,Crystal Palace,25,1992,34,3036,89,88.8,33.7,34,89,0,,0,1.26,48,49,-1,-0.03,0.2,44.5,42.2,2.3,0.07,0.22,Matches
571,Andre-Frank Zambo Anguissa\Andre-Frank-Zambo-Anguissa,cm CMR,MF,Fulham,22,1995,22,1517,69,44.4,16.9,16,85,6,26,4,0.64,13,32,-19,-1.13,0.2,17.8,29.4,-11.6,-0.69,-0.03,Matches
572,Davide Zappacosta\Davide-Zappacosta,it ITA,DF,Chelsea,26,1992,4,128,32,3.7,1.4,1,93,3,12,19,2.5,1,0,1,0.7,0.07,1.9,0.9,1.1,0.75,0.14,Matches
573,Oleksandr Zinchenko\Oleksandr-Zinchenko,ua UKR,DF,Manchester City,21,1996,14,1151,82,33.7,12.8,14,82,0,,7,3,29,4,25,1.95,0.09,28.1,6.7,21.4,1.67,0.28,Matches
574,Kenneth Zohore\Kenneth-Zohore,dk DEN,FW,Cardiff City,24,1994,19,753,40,22,8.4,7,79,12,17,6,0.74,8,19,-11,-1.31,-0.5,9.3,16.5,-7.2,-0.86,-0.36,Matches
575,Kurt Zouma\Kurt-Zouma,fr FRA,DF,Everton,23,1994,32,2612,82,76.4,29,29,90,3,0,2,1.31,40,39,1,0.03,-0.75,36.3,33.7,2.6,0.09,0.2,Matches
